pmcid,pmid,doi
PMC9208933,35733579,10.1155/2022/8153521
PMC9157526,35719237,10.52082/jssm.2022.191
PMC9014408,35435465,10.1007/s00421-022-04942-2
PMC9117420,35195100,10.1249/MSS.0000000000002882
PMC9110468,35277735,10.1007/s00431-022-04434-7
PMC9074988,33752242,10.1093/cvr/cvab112
PMC8929450,35301581,10.1007/s00421-022-04928-0
PMC9101905,35565006,10.3390/ijerph19095620
PMC9104840,35565153,10.3390/ijerph19095760
PMC9101545,35565744,10.3390/nu14091776
PMC9069163,35510312,10.14814/phy2.15291
PMC9021623,35086094,10.1159/000521242
PMC9057596,35192550,10.1172/jci.insight.158037
PMC8917938,35142559,10.1152/japplphysiol.00808.2021
PMC9028776,35457635,10.3390/ijerph19084770
PMC9028389,35457543,10.3390/ijerph19084675
PMC9027900,35457425,10.3390/ijerph19084558
PMC8947413,35324999,10.1371/journal.pone.0266012
PMC9002028,35414091,10.1038/s41598-022-10103-4
PMC9012711,35262762,10.1007/s00421-022-04926-2
PMC9012730,35235031,10.1007/s00421-022-04914-6
PMC9047309,35477464,10.1186/s12938-022-00997-6
PMC9048146,35470975,10.1002/oby.23419
PMC8950892,35334797,10.3390/nu14061140
PMC8909767,35270295,10.3390/ijerph19052601
PMC8904937,35258271,10.1519/JSC.0000000000003263
PMC8877138,35215430,10.3390/nu14040780
PMC8700839,34948566,10.3390/ijerph182412958
PMC8656668,34886081,10.3390/ijerph182312359
PMC8646879,34753208,10.1111/cpf.12734
PMC8714979,34672767,10.1152/japplphysiol.00400.2021
PMC8050876,33849908,10.1136/bjsports-2020-103758
PMC9068554,33722758,10.1016/j.jshs.2021.03.003
PMC8993875,35396390,10.1038/s41598-022-09997-x
PMC8997498,35409504,10.3390/ijerph19073814
PMC8997756,35409636,10.3390/ijerph19073951
PMC8998503,35409907,10.3390/ijerph19074227
PMC9003462,35408192,10.3390/s22072577
PMC8488822,35321130,10.52082/jssm.2021.684
PMC8377605,34410322,10.1001/jamaoncol.2021.3067
PMC8926267,35294451,10.1371/journal.pone.0264910
PMC9001184,35411731,10.3346/jkms.2022.37.e113
PMC9002801,35408296,10.3390/s22072682
PMC9002771,35406087,10.3390/nu14071475
PMC8830889,34652337,10.1249/MSS.0000000000002808
PMC8747858,35013810,10.1007/s00421-021-04843-w
PMC8848028,34936939,10.1016/j.jshs.2021.12.004
PMC8955092,35329246,10.3390/ijerph19063557
PMC8949398,35329209,10.3390/ijerph19063527
PMC8956041,35328902,10.3390/ijerph19063206
PMC8909614,35270299,10.3390/ijerph19052607
PMC8895619,35246028,10.1186/s12872-022-02486-z
PMC8918698,35285178,10.14814/phy2.15213
PMC8915711,35274816,10.14814/phy2.15217
PMC8874289,35212167,10.14814/phy2.15158
PMC8920010,34967799,10.1249/MSS.0000000000002835
PMC8910038,35270624,10.3390/ijerph19052927
PMC8747811,30994185,10.5603/CJ.a2019.0032
PMC8743671,35001564,10.14814/phy2.15149
PMC8936151,34265816,10.1519/JSC.0000000000004019
PMC8776485,35071605,10.1155/2022/9273830
PMC8728694,34472674,10.1111/dom.14541
PMC8232077,32857874,10.1113/EP088639
PMC8953475,35334599,10.3390/medicina58030423
PMC8943710,33316435,10.1016/j.rehab.2020.101469
PMC8883654,35220936,10.1186/s12874-022-01524-w
PMC8712894,34477327,10.1002/ehf2.13514
PMC8906818,34747202,10.1152/ajpendo.00265.2021
PMC8661513,34889067,10.14814/phy2.15147
PMC8613803,34822227,10.14814/phy2.15086
PMC8761385,35034205,10.1007/s00421-021-04853-8
PMC8854279,34921345,10.1007/s00421-021-04874-3
PMC8475903,34562114,10.1007/s00421-021-04820-3
PMC8896992,35085030,10.1152/japplphysiol.00443.2021
PMC8903342,34617821,10.1152/japplphysiol.00253.2021
PMC8782909,35064131,10.1038/s41598-022-04823-w
PMC8751972,34747182,10.1161/JAHA.121.022336
PMC8404234,34275192,10.1002/mgg3.1757
PMC8374384,34409753,10.14814/phy2.14951
PMC8834943,35162854,10.3390/ijerph19031830
PMC8543686,34694064,10.14814/phy2.15076
PMC8461211,34558207,10.14814/phy2.15037
PMC8179953,34091726,10.1007/s00392-021-01877-0
PMC8776112,35055699,10.3390/ijerph19020873
PMC8750590,35011601,10.3390/cells11010039
PMC8742061,34996984,10.1038/s41598-021-03974-6
PMC8754349,35020757,10.1371/journal.pone.0262507
PMC8505378,34402986,10.1007/s00421-021-04783-5
PMC8505311,34390403,10.1007/s00421-021-04784-4
PMC8505324,34390402,10.1007/s00421-021-04769-3
PMC8505327,34351531,10.1007/s00421-021-04780-8
PMC8505335,34319445,10.1007/s00421-021-04763-9
PMC8505395,34235576,10.1007/s00421-021-04754-w
PMC8416847,34155525,10.1007/s00421-021-04740-2
PMC8416884,34143306,10.1007/s00421-021-04739-9
PMC8416851,34143305,10.1007/s00421-021-04741-1
PMC8785771,32304516,10.1519/JSC.0000000000003549
PMC7305034,31868814,10.1519/JSC.0000000000003452
PMC8794091,35085265,10.1371/journal.pone.0260338
PMC8799387,34882029,10.1152/japplphysiol.00629.2021
PMC8402764,34452400,10.3390/v13081535
PMC8543476,33783141,10.1002/cre2.422
PMC8613230,34819543,10.1038/s41598-021-02072-x
PMC8191399,34110721,10.14814/phy2.14916
PMC8692308,34934054,10.1038/s41598-021-03158-2
PMC8778537,35057416,10.3390/nu14020236
PMC8746757,35010953,10.3390/nu14010078
PMC8744745,35010758,10.3390/ijerph19010498
PMC8750492,35010428,10.3390/ijerph19010168
PMC8751078,35010359,10.3390/ijerph19010099
PMC8751188,35010354,10.3390/ijerph19010093
PMC8633014,34848750,10.1038/s41598-021-02352-6
PMC8686825,34749075,10.1016/j.gaitpost.2021.10.027
PMC8706924,34959943,10.3390/nu13124391
PMC8708138,34959810,10.3390/nu13124258
PMC8742938,34998424,10.1186/s13104-021-05850-y
PMC8100405,33955197,10.14814/phy2.14787
PMC8534025,34677347,10.3390/bios11100391
PMC8357778,34080066,10.1007/s00421-021-04719-z
PMC8357751,34003363,10.1007/s00421-021-04712-6
PMC8077120,33904652,10.14814/phy2.14841
PMC8077138,33904647,10.14814/phy2.14814
PMC7970889,33686100,10.1038/s41598-021-84764-y
PMC8621928,34831820,10.3390/ijerph182212066
PMC8594218,34784926,10.1186/s12970-021-00466-w
PMC8375997,34411164,10.1371/journal.pone.0256258
PMC8260529,33893836,10.1007/s00421-021-04689-2
PMC8192378,33811560,10.1007/s00421-021-04672-x
PMC8192409,33811559,10.1007/s00421-021-04675-8
PMC8192396,33782715,10.1007/s00421-021-04666-9
PMC7883830,33587340,10.14814/phy2.14758
PMC7877025,33568188,10.1186/s12966-021-01096-w
PMC8416979,34490179,10.3389/fpubh.2021.671782
PMC8346088,34360425,10.3390/ijerph18158134
PMC8120347,33773098,10.1002/ehf2.13275
PMC8582134,34758817,10.1186/s12947-021-00263-0
PMC7994081,33815657,10.1155/2021/6684568
PMC7882460,33603352,10.2147/COPD.S283005
PMC7868200,33568904,10.2147/COPD.S285812
PMC8554852,34706740,10.1186/s12968-021-00817-1
PMC7968551,33733288,10.1007/s00431-021-04029-8
PMC7983642,33814890,10.46292/sci20-00065
PMC8379793,34419082,10.1186/s12970-021-00454-0
PMC8144132,33683439,10.1007/s00421-021-04637-0
PMC8622737,34833666,10.3390/s21227590
PMC8623456,34833596,10.3390/s21227516
PMC8583387,34769896,10.3390/ijerph182111378
PMC8580245,34758032,10.1371/journal.pone.0257549
PMC8538808,34684557,10.3390/nu13103556
PMC8541599,34684154,10.3390/medicina57101117
PMC8535879,34682674,10.3390/ijerph182010928
PMC8569541,34673536,10.2196/28124
PMC8525016,34663363,10.1186/s12970-021-00464-y
PMC8508542,34639723,10.3390/ijerph181910426
PMC8496840,34618821,10.1371/journal.pone.0249504
PMC8466329,34577871,10.3390/medicina57090948
PMC8464869,34574765,10.3390/ijerph18189843
PMC8472124,34574691,10.3390/ijerph18189770
PMC8461976,34556146,10.1186/s12966-021-01199-4
PMC8459986,34555041,10.1371/journal.pone.0255952
PMC8432818,34506548,10.1371/journal.pone.0257124
PMC8431074,34501781,10.3390/ijerph18179193
PMC8390693,34446761,10.1038/s41598-021-96569-0
PMC8391137,34444259,10.3390/ijerph18168510
PMC8394663,34444184,10.3390/ijerph18168437
PMC8393870,34444039,10.3390/ijerph18168287
PMC8296298,34398001,10.1097/MD.0000000000026269
PMC8354291,34373301,10.1136/bmjopen-2020-047642
PMC8346060,34360464,10.3390/ijerph18158171
PMC8346098,34360424,10.3390/ijerph18158135
PMC8345676,34360329,10.3390/ijerph18158036
PMC8328339,34339475,10.1371/journal.pone.0255308
PMC8306057,34300024,10.3390/ijerph18147573
PMC8307583,34299853,10.3390/ijerph18147404
PMC8307599,34299680,10.3390/ijerph18147234
PMC8289340,34287574,10.1590/1414-431X2020e10514
PMC8284656,34270614,10.1371/journal.pone.0254888
PMC8256520,34267578,10.52082/jssm.2021.398
PMC8265078,34238308,10.1186/s12970-021-00442-4
PMC8219271,34211324,10.52082/jssm.2021.310
PMC8297250,34209545,10.3390/ijerph18136945
PMC8297253,34208925,10.3390/ijerph18137002
PMC8296345,34205239,10.3390/ijerph18126593
PMC8217866,34169057,10.3389/fpubh.2021.666019
PMC8222247,34162915,10.1038/s41598-021-92191-2
PMC8256322,34156335,10.3310/hta25400
PMC8158670,34133657,10.6061/clinics/2021/e2550
PMC8206084,34131258,10.1038/s41598-021-92040-2
PMC8206117,34131157,10.1038/s41598-021-91618-0
PMC8203722,34127700,10.1038/s41598-021-91734-x
PMC8204562,34127014,10.1186/s12970-021-00451-3
PMC8187710,34103623,10.1038/s41598-021-91565-w
PMC8242734,34102017,10.1002/jcsm.12739
PMC8186076,34098980,10.1186/s12970-021-00444-2
PMC8214186,34085945,10.2196/26006
PMC8227713,34070541,10.3390/nu13061799
PMC8157032,34068936,10.3390/ijerph18105212
PMC8151824,34064614,10.3390/nu13051597
PMC8196776,34064188,10.3390/ijerph18115535
PMC8162088,34045239,10.1136/bmjresp-2021-000959
PMC8127283,34001168,10.1186/s12970-021-00432-6
PMC8119959,33986451,10.1038/s41598-021-89766-4
PMC8403213,33960825,10.1089/acm.2020.0458
PMC8124559,33946255,10.3390/ijerph18094795
PMC8318425,33932128,10.1002/ehf2.13342
PMC8082830,33926400,10.1186/s12887-021-02681-5
PMC8123612,33926114,10.3390/ijerph18094597
PMC8073758,33923545,10.3390/ijerph18084225
PMC8123303,33922940,10.3390/ijerph18094546
PMC8068973,33918616,10.3390/ijerph18083944
PMC8038296,33918381,10.3390/ijerph18073732
PMC8037712,33915744,10.3390/ijerph18073655
PMC8360023,33899971,10.1111/sms.13975
PMC8051939,33886934,10.31744/einstein_journal/2021AO5940
PMC8566025,33860476,10.1055/a-1403-2701
PMC8040419,33859520,10.7150/ijms.55633
PMC8001899,33809147,10.3390/ijerph18062906
PMC8005046,33806822,10.3390/nu13031033
PMC8000862,33806669,10.3390/nu13030841
PMC7967764,33804541,10.3390/ijerph18052401
PMC8037739,33801649,10.3390/ijerph18073484
PMC8001376,33800770,10.3390/nu13030864
PMC8001752,33799558,10.3390/bios11030077
PMC7982266,33767794,10.25122/jml-2020-0054
PMC8144119,33712869,10.1007/s00421-021-04601-y
PMC7959216,33712485,10.1136/openhrt-2020-001487
PMC7919349,33708000,10.52082/jssm.2021.170
PMC7919360,33707989,10.52082/jssm.2021.69
PMC7919352,33707983,10.52082/jssm.2021.26
PMC8144128,33704547,10.1007/s00421-021-04643-2
PMC8144153,33677693,10.1007/s00421-021-04642-3
PMC7922978,33670775,10.3390/ijerph18041984
PMC7923274,33669882,10.3390/nu13020674
PMC7922385,33669693,10.3390/ijerph18042025
PMC7932070,33661958,10.1371/journal.pone.0247576
PMC8332849,33656157,10.36416/1806-3756/e20200134
PMC8144163,33646425,10.1007/s00421-021-04626-3
PMC8251998,33638918,10.1111/sms.13944
PMC8064983,33598762,10.1007/s00421-021-04611-w
PMC7911623,33573133,10.3390/nu13020459
PMC8047922,33570804,10.1111/apha.13625
PMC7913533,33546338,10.3390/ijerph18041395
PMC7647960,32383352,10.1002/pmrj.12401
PMC7831286,33536736,10.46292/sci19-00060
PMC7387993,32766306,10.1155/2020/2608730
PMC8004550,32750964,10.1109/JBHI.2020.3009903
PMC7886944,33048893,10.1097/PHM.0000000000001618
PMC8117722,32796254,10.1249/MSS.0000000000002487
PMC7864870,33099664,10.1007/s00421-020-04536-w
PMC8108269,32932122,10.1016/j.ptsp.2020.08.013
PMC7796862,32918907,10.1016/j.apmr.2020.08.006
PMC7896743,32555022,10.1249/MSS.0000000000002430
PMC7848936,32895118,10.5664/jcsm.8766
PMC7908148,33498385,10.3390/ijerph18030870
PMC7908534,33498274,10.3390/ijerph18030860
PMC7831009,33477427,10.3390/ijms22020896
PMC7830104,33467511,10.3390/s21020582
PMC8328370,33465334,10.1513/AnnalsATS.202006-746OC
PMC7884033,33464721,10.1111/acel.13303
PMC7792284,33413459,10.1186/s12970-020-00400-6
PMC7758979,33369253,10.14814/phy2.14650
PMC7892684,33355713,10.1007/s00421-020-04572-6
PMC7984293,33249618,10.1111/sms.13894
PMC8048727,33196606,10.1249/MSS.0000000000002560
PMC7984048,33155295,10.1111/sms.13870
PMC7773167,33105400,10.1097/JOM.0000000000002067
PMC7862540,33098020,10.1007/s00421-020-04535-x
PMC8627109,32996304,10.23736/S0026-4725.20.05295-0
PMC8212165,32962523,10.1080/02640414.2020.1818949
PMC7952466,32918488,10.1002/jor.24856
PMC7854955,32908194,10.1038/s41393-020-00548-7
PMC7847858,32851499,10.1007/s11695-020-04944-z
PMC7943418,32647328,10.1038/s41393-020-0514-7
PMC8343121,32565243,10.1016/j.jshs.2020.06.008
PMC8428944,31909474,10.5603/CJ.a2019.0110
PMC7766422,33419381,10.3390/ijerph17249554
PMC8092150,33380582,10.4103/2045-9912.304223
PMC8092152,33380581,10.4103/2045-9912.304222
PMC7778784,33376186,10.1136/bmjopen-2020-045714
PMC7767530,33371483,10.3390/nu12123911
PMC7766841,33353067,10.3390/ijerph17249511
PMC7766125,33352863,10.3390/ijerph17249485
PMC7766833,33348847,10.3390/nu12123866
PMC7765193,33333771,10.3390/nu12123826
PMC7763460,33322280,10.3390/nu12123797
PMC7724792,33298105,10.1186/s12970-020-00392-3
PMC7724719,33298104,10.1186/s12970-020-00384-3
PMC7707547,33259511,10.1371/journal.pone.0242738
PMC7727675,33255278,10.3390/ijerph17238718
PMC7689649,33243160,10.1186/s12882-020-02177-x
PMC7673482,33207080,10.14814/phy2.14634
PMC7696476,33198320,10.3390/ijms21228531
PMC7666775,33190418,10.14814/phy2.14624
PMC7697777,33187067,10.3390/ijerph17228324
PMC7665825,33186393,10.1371/journal.pone.0242439
PMC7664431,33172145,10.3390/ijerph17218216
PMC7654058,33168018,10.1186/s12966-020-01045-z
PMC7648946,33160382,10.1186/s12967-020-02592-6
PMC7606541,33139834,10.1038/s41598-020-76008-2
PMC7660207,33113938,10.3390/ijerph17217745
PMC7690257,33105591,10.3390/nu12113226
PMC7655215,33104519,10.18632/aging.103763
PMC7590016,33086469,10.3390/ijerph17207579
PMC7590038,33080833,10.3390/ijerph17207559
PMC7556310,33063953,10.14814/phy2.14574
PMC7550339,33046823,10.1038/s41598-020-74240-4
PMC7550559,33046694,10.1038/s41394-020-00346-6
PMC7549205,33040733,10.1186/s12968-020-00664-6
PMC7544064,33031457,10.1371/journal.pone.0240099
PMC7538888,33024098,10.1038/s41467-020-18737-6
PMC7579509,33022918,10.3390/ijerph17197233
PMC7686254,33011149,10.1016/j.jand.2020.07.020
PMC8086628,33004705,10.4103/2045-9912.296038
PMC7551949,32971774,10.3390/nu12092888
PMC7551961,32947920,10.3390/nu12092832
PMC7559729,32933179,10.3390/ijerph17186668
PMC7485839,32915796,10.1371/journal.pone.0238051
PMC7487963,32894140,10.1186/s12970-020-00376-3
PMC7674321,32892320,10.1007/s00421-020-04487-2
PMC7473550,32886730,10.1371/journal.pone.0238863
PMC7503988,32878259,10.3390/ijerph17176352
PMC7789962,32877237,10.1152/ajpregu.00127.2020
PMC7503944,32872427,10.3390/ijerph17176294
PMC7504314,32867179,10.3390/ijerph17176226
PMC7704731,32866619,10.1016/j.freeradbiomed.2020.08.016
PMC7457274,32854688,10.1186/s12888-020-02827-2
PMC8297535,32841100,10.1177/1358863X20945794
PMC7435036,32812353,10.14814/phy2.14551
PMC7437074,32811426,10.1186/s12872-020-01661-4
PMC7874302,32798233,10.1113/JP280232
PMC7654699,32790591,10.1152/japplphysiol.00054.2020
PMC7422808,32786068,10.14814/phy2.14539
PMC7466197,32784754,10.3390/medicina56080395
PMC7418989,32780739,10.1371/journal.pone.0237010
PMC7560916,32776219,10.1007/s00421-020-04459-6
PMC7410327,32760167,10.1371/journal.pone.0237388
PMC7502056,32757065,10.1007/s00421-020-04450-1
PMC7468698,32752178,10.3390/nu12082315
PMC7432021,32751204,10.3390/ijerph17155465
PMC7398532,32745112,10.1371/journal.pone.0237027
PMC7468746,32722454,10.3390/nu12082223
PMC7382077,32711541,10.1186/s12970-020-00365-6
PMC7404011,32706725,10.2196/15331
PMC7376855,32703216,10.1186/s12970-020-00369-2
PMC7517430,32702277,10.1152/japplphysiol.00122.2020
PMC7509256,32697652,10.1152/ajpregu.00126.2020
PMC7390624,32694152,10.1242/bio.051581
PMC7399937,32679757,10.3390/ijerph17145103
PMC7363089,32667941,10.1371/journal.pone.0236102
PMC7476983,32666276,10.1007/s00424-020-02437-7
PMC7360193,32664120,10.1097/MD.0000000000021058
PMC7359321,32661254,10.1038/s41598-020-68455-8
PMC7359009,32660566,10.1186/s12970-020-00366-5
PMC7354086,32652803,10.14814/phy2.14457
PMC7343795,32641857,10.1038/s41598-020-68155-3
PMC7370091,32640755,10.3390/ijerph17134876
PMC7369748,32635507,10.3390/ijerph17134824
PMC7337348,32628697,10.1371/journal.pone.0235567
PMC7654636,32324473,10.1152/japplphysiol.00185.2019
PMC7272751,32240016,10.1152/japplphysiol.00781.2019
PMC7109581,32258106,10.1155/2020/2073803
PMC8515831,31524783,10.1519/JSC.0000000000003268
PMC7335054,32620888,10.1038/s41598-020-67983-7
PMC7400375,32610573,10.3390/nu12071926
PMC7369875,32605106,10.3390/ijerph17134636
PMC7647941,32604218,10.1097/HCR.0000000000000507
PMC8650220,32603753,10.1016/j.pcad.2020.06.012
PMC7325539,32597335,10.1177/1745506520932372
PMC7322269,32597030,10.14814/phy2.14494
PMC7419380,32594244,10.1007/s00421-020-04426-1
PMC7319946,32592338,10.14814/phy2.14478
PMC7276415,32581407,10.18999/nagjms.82.2.281
PMC7353445,32570892,10.3390/nu12061821
PMC7344824,32545655,10.3390/ijerph17124215
PMC7312943,32545365,10.3390/ijerph17114174
PMC8384056,32530906,10.1097/QAI.0000000000002353
PMC7289625,32526771,10.1371/journal.pone.0234507
PMC7312909,32498373,10.3390/ijerph17113943
PMC7268479,32493387,10.1186/s12970-020-00357-6
PMC7312918,32485945,10.3390/ijerph17113865
PMC7704799,32473379,10.1016/j.cardfail.2020.05.014
PMC7260200,32472082,10.1038/s41598-020-65770-y
PMC7285212,32466231,10.3390/nu12051540
PMC7250735,32458557,10.14814/phy2.14450
PMC7277742,32456306,10.3390/ijerph17103699
PMC7277239,32456166,10.3390/ijerph17103681
PMC7242220,32444152,10.1016/j.jshs.2019.11.005
PMC7243195,32441423,10.14814/phy2.14438
PMC7295712,32435985,10.1007/s00421-020-04390-w
PMC7288307,32429201,10.3390/genes11050555
PMC7277656,32429061,10.3390/ijerph17103443
PMC7294430,32414192,10.3390/s20102776
PMC7217474,32396576,10.1371/journal.pone.0226313
PMC7497450,32388667,10.1007/s00246-020-02359-2
PMC7206089,32382067,10.1038/s41598-020-64395-5
PMC7202988,32378353,10.14814/phy2.14426
PMC7246952,32375328,10.3390/ijerph17093190
PMC7213860,32345698,10.1136/bmjopen-2019-034610
PMC7177172,32323493,10.14814/phy2.14390
PMC7230399,32316168,10.3390/medicina56040184
PMC7170823,32312251,10.1186/s12576-020-00750-5
PMC7199179,32303532,10.1136/bmjdrc-2020-001245
PMC7156678,32286408,10.1038/s41598-020-63297-w
PMC7144051,32272973,10.1186/s12970-020-00347-8
PMC7108817,32267367,10.31744/einstein_journal/2020AO5256
PMC7357721,32255504,10.1111/ane.13250
PMC7220790,32243378,10.1097/MD.0000000000019586
PMC7272758,32240019,10.1152/japplphysiol.00458.2019
PMC7181553,32236753,10.1007/s00421-020-04312-w
PMC7112189,32236147,10.1371/journal.pone.0230917
PMC7250807,32232604,10.1007/s10484-020-09456-1
PMC7181447,32215726,10.1007/s00421-020-04352-2
PMC7080869,32189447,10.14814/phy2.14389
PMC7181414,32189061,10.1007/s00421-020-04340-6
PMC7143158,32188027,10.3390/ijerph17061934
PMC7546976,32173766,10.1007/s00520-020-05407-y
PMC7181565,32172291,10.1007/s00421-020-04336-2
PMC7069417,32163443,10.1371/journal.pone.0229466
PMC7062717,32152432,10.1038/s41598-020-61199-5
PMC7146607,32143278,10.3390/nu12030688
PMC7146300,32121011,10.3390/nu12030635
PMC7146389,32110986,10.3390/nu12030614
PMC7387166,32081480,10.1016/j.jvs.2019.09.057
PMC7036509,32079440,10.1177/1557988320905251
PMC7023889,32061183,10.14814/phy2.14355
PMC7023709,32059691,10.1186/s13063-019-3923-1
PMC7068562,32059577,10.3390/ijerph17041161
PMC7071177,32050648,10.3390/nu12020442
PMC7037622,32041164,10.3390/ijerph17031026
PMC7299756,32028458,10.1249/MSS.0000000000002273
PMC7000674,32020007,10.1038/s41598-020-58791-0
PMC6992743,32001789,10.1038/s41598-020-58492-8
PMC6989498,31996732,10.1038/s41598-020-58253-7
PMC6975092,31969132,10.1186/s12883-020-1611-0
PMC6971325,31960629,10.14814/phy2.14342
PMC6971972,31959202,10.1186/s12970-020-0337-0
PMC7384182,31955429,10.1002/jimd.12217
PMC6965149,31949174,10.1038/s41598-019-56698-z
PMC7494036,31942600,10.1093/gerona/glaa011
PMC6943773,31921484,10.1016/j.jshs.2019.05.001
PMC6953153,31918720,10.1186/s12970-020-0335-2
PMC6950791,31914965,10.1186/s12889-019-8067-4
PMC7144488,31883278,10.1002/clc.23324
PMC7067548,31858120,10.1210/clinem/dgz286
PMC7052603,31850819,10.1152/ajpregu.00291.2019
PMC6989574,31820103,10.1007/s00421-019-04275-7
PMC7163369,31782534,10.1111/bcp.14189
PMC7103502,31778659,10.1016/j.apmr.2019.10.187
PMC6969867,31776696,10.1007/s00421-019-04266-8
PMC7027737,31755166,10.1111/sms.13603
PMC7585927,31752587,10.1177/0271678X19889089
PMC7242636,31738927,10.1016/j.chest.2019.10.044
PMC7986898,31705661,10.1113/JP279077
PMC7442492,31647603,10.1002/hipo.23169
PMC7501596,31445826,10.1016/j.jvs.2019.04.493
PMC7351960,31375458,10.1016/j.bjpt.2019.07.002
PMC6923712,31242053,10.1177/2047487319859975
PMC5995600,29239992,10.1519/JSC.0000000000002263
PMC6511083,30850441,10.1212/WNL.0000000000007265
PMC6791235,31663002,10.1155/2019/9647964
PMC6463570,31057965,10.1155/2019/1090982
PMC6504339,31045769,10.1097/MD.0000000000015317
PMC6398013,30911346,10.1155/2019/5134360
PMC6300395,30247564,10.1093/jbcr/iry051
PMC6858397,31624950,10.1007/s00421-019-04241-3
PMC6962606,31556836,10.1152/japplphysiol.00223.2019
PMC6743747,31548792,10.1310/sci19-00042
PMC6589923,30155903,10.1111/aor.13349
PMC8030525,31638321,10.1111/jch.13717
PMC6794243,31506708,10.1007/s00221-019-05646-4
PMC6934878,31883232,10.14814/phy2.14325
PMC6928244,31872558,10.14814/phy2.14313
PMC6913985,31841537,10.1371/journal.pone.0226290
PMC6885272,31827687,10.1155/2019/6239058
PMC6876877,31765432,10.1371/journal.pone.0225803
PMC6854110,31724342,10.14814/phy2.14283
PMC6851604,31711299,10.1177/1479973119887965
PMC7200288,31698337,10.1123/jpah.2019-0261
PMC6837421,31697742,10.1371/journal.pone.0224948
PMC6989300,31696666,10.1002/ehf2.12520
PMC6945245,31676389,10.1016/j.ebiom.2019.10.017
PMC6819466,31665070,10.1186/s12970-019-0318-3
PMC6778904,31662969,10.1155/2019/1287506
PMC6893764,31661850,10.3390/nu11112592
PMC6862459,31653095,10.3390/ijerph16214104
PMC6802839,31634371,10.1371/journal.pone.0224092
PMC6858472,31628539,10.1007/s00421-019-04236-0
PMC6843469,31623132,10.3390/ijerph16203934
PMC6962613,31622159,10.1152/japplphysiol.00567.2019
PMC6962629,31617749,10.1152/ajpregu.00164.2019
PMC6920012,31604627,10.1016/j.jpeds.2019.08.010
PMC6788712,31603948,10.1371/journal.pone.0223907
PMC7003737,31602790,10.1111/chd.12850
PMC6818024,31597504,10.1161/JAHA.119.012876
PMC7357372,31584766,10.7705/biomedica.4451
PMC6858469,31565754,10.1007/s00421-019-04237-z
PMC6773335,31558450,10.1136/bmjopen-2018-028749
PMC6835892,31547503,10.3390/nu11102274
PMC6765940,31533224,10.3390/ijerph16183445
PMC6798744,31525168,10.1249/MSS.0000000000002028
PMC6801166,31520525,10.1002/acn3.50863
PMC6876590,31505515,10.1159/000501968
PMC6770460,31500139,10.3390/cells8091045
PMC6918899,31498142,10.3233/NRE-192792
PMC6726133,31483798,10.1371/journal.pone.0216842
PMC6708188,31443727,10.1186/s13063-019-3560-8
PMC6714035,31441934,10.1001/jamanetworkopen.2019.8265
PMC6705825,31437177,10.1371/journal.pone.0220826
PMC6700067,31427654,10.1038/s41598-019-48518-1
PMC6718978,31405204,10.3390/ijerph16162869
PMC6695745,31374854,10.3390/s19153377
PMC6842905,31365304,10.1152/ajpregu.00104.2019
PMC6664210,31359633,10.14814/phy2.14194
PMC6796805,31353834,10.14814/phy2.14178
PMC6658081,31344091,10.1371/journal.pone.0220192
PMC6655643,31339909,10.1371/journal.pone.0219741
PMC6777898,31291418,10.5935/abc.20190116
PMC6680975,31284668,10.3390/medicina55070348
PMC6651740,31284468,10.3390/ijerph16132390
PMC6610221,31270967,10.14814/phy2.14164
PMC6610838,31269914,10.1186/s12885-019-5887-7
PMC6604389,31262301,10.1186/s12902-019-0394-z
PMC6651475,31261980,10.3390/ijerph16132316
PMC6650926,31252529,10.3390/ijerph16132265
PMC6732434,31246558,10.1152/japplphysiol.00056.2019
PMC6591819,31234791,10.1186/s12883-019-1361-z
PMC6563963,31194748,10.1371/journal.pone.0217491
PMC6676649,31184443,10.1002/ehf2.12457
PMC6647177,31177324,10.1007/s00421-019-04169-8
PMC6627914,31174360,10.3390/nu11061287
PMC6604239,31166116,10.1177/0363546519849920
PMC6545278,31155665,10.1093/ptj/pzz040
PMC6555465,31141497,10.18632/aging.101984
PMC6562975,31137724,10.3390/md17050309
PMC6572528,31126123,10.3390/medicina55050196
PMC6771883,31116453,10.1111/sms.13460
PMC6528988,31112561,10.1371/journal.pone.0216824
PMC7028477,31107835,10.1249/MSS.0000000000002041
PMC6684544,31093922,10.1007/s40279-019-01103-y
PMC6513770,31087541,10.14814/phy2.14061
PMC6509339,31073188,10.1038/s41598-019-43628-2
PMC6505302,31064379,10.1186/s13063-019-3353-0
PMC6860366,31063607,10.1111/sms.13461
PMC6512107,31041880,10.1161/JAHA.119.012008
PMC6570681,31028467,10.1007/s00421-019-04146-1
PMC6521174,31027191,10.3390/nu11040930
PMC6472067,30999897,10.1186/s12970-019-0287-6
PMC6553905,30994097,10.4269/ajtmh.18-0922
PMC6454717,30961626,10.1186/s12969-019-0316-7
PMC6452511,30961568,10.1186/s12887-019-1462-2
PMC6451242,30953522,10.1186/s12970-019-0284-9
PMC7279118,30921110,10.1097/HJH.0000000000002002
PMC6594000,30919515,10.1113/EP087648
PMC6422332,30883596,10.1371/journal.pone.0213676
PMC6413916,30861055,10.1371/journal.pone.0213674
PMC6407754,30849105,10.1371/journal.pone.0213158
PMC6396965,30822305,10.1371/journal.pone.0200228
PMC6470682,30818782,10.3390/nu11030500
PMC6386318,30794617,10.1371/journal.pone.0212500
PMC6386358,30794571,10.1371/journal.pone.0211550
PMC6386265,30794568,10.1371/journal.pone.0211902
PMC6384299,30793541,10.14814/phy2.13976
PMC6381309,30784213,10.14814/phy2.13993
PMC6451712,30770935,10.1007/s00246-019-02065-8
PMC6372535,30756526,10.14814/phy2.14002
PMC6369060,30740933,10.14814/phy2.13980
PMC6412949,30736383,10.3390/nu11020344
PMC6367161,30734533,10.14814/phy2.13963
PMC6439550,30725091,10.1001/jamacardio.2018.4847
PMC6360241,30714335,10.14814/phy2.13996
PMC6350957,30695080,10.1371/journal.pone.0210447
PMC6333790,30675386,10.1038/s41394-018-0145-9
PMC6343867,30673725,10.1371/journal.pone.0210275
PMC6368458,30658095,10.1016/j.resp.2019.01.007
PMC6338373,30657773,10.1371/journal.pone.0210651
PMC7311047,30637763,10.1111/psyp.13326
PMC6758719,30632946,10.1080/10790268.2018.1559494
PMC6394694,30627827,10.1007/s00421-019-04071-3
PMC6326491,30625200,10.1371/journal.pone.0209897
PMC6411426,30612451,10.1161/CIRCULATIONAHA.118.037550
PMC6292344,30560698,10.1080/14756366.2018.1545768
PMC6418054,30547350,10.1007/s11325-018-1765-9
PMC6853661,30535050,10.1093/gerona/gly276
PMC6397413,30496713,10.1152/japplphysiol.00735.2018
PMC6312574,30496493,10.1093/eurheartj/ehy585
PMC8480317,30489496,10.1249/MSS.0000000000001854
PMC6424665,30482589,10.1016/j.aott.2018.10.006
PMC6326838,30471435,10.1016/j.resp.2018.11.008
PMC6430595,30418963,10.1249/MSS.0000000000001840
PMC6416080,30414317,10.1111/apha.13217
PMC6317969,30385380,10.1016/j.metabol.2018.10.012
PMC6344248,30357514,10.1007/s00421-018-4018-5
PMC7379248,30341979,10.1111/sms.13324
PMC6321782,30269912,10.1016/j.echo.2018.08.008
PMC6310457,30247432,10.1249/MSS.0000000000001773
PMC7380043,30222208,10.1111/sms.13301
PMC6445608,30102686,10.1519/JSC.0000000000002787
PMC6487229,29989465,10.1123/ijsnem.2018-0024
PMC6580693,29982294,10.1093/gerona/gly159
PMC6311442,29961351,10.1080/09638288.2018.1483432
PMC8086649,29745970,10.5603/CJ.a2018.0052
PMC6534211,29517419,10.1080/10790268.2018.1443542
PMC6718936,29355464,10.1080/10790268.2017.1422890
PMC6008078,29494290,10.1152/japplphysiol.01028.2017
PMC6354874,30766590,10.4314/ahs.v18i4.45
PMC6208550,30464436,10.2147/COPD.S173039
PMC6280294,30584532,10.1155/2018/2898546
PMC5967725,29795646,10.1371/journal.pone.0197776
PMC5907590,29588313,10.1161/JAHA.117.008072
PMC5980789,29394491,10.1139/apnm-2017-0696
PMC6089204,27491779,10.1136/bjsports-2016-096083
PMC6064824,30762468,10.1161/JAHA.118.008837
PMC6310247,30592724,10.1371/journal.pone.0209069
PMC6299242,30565412,10.14814/phy2.13949
PMC6289908,30548425,10.14814/phy2.13945
PMC6288941,30526607,10.1186/s12970-018-0265-4
PMC6276239,30509203,10.1186/s12877-018-0993-y
PMC6240583,30450826,10.14814/phy2.13918
PMC6257576,30431617,10.1097/MD.0000000000013296
PMC6235852,30429512,10.1038/s41598-018-35115-x
PMC6234148,30426722,10.14814/phy2.13916
PMC6266587,30424482,10.3390/nu10111732
PMC6267437,30423955,10.3390/nu10111718
PMC6221724,30412097,10.1097/MD.0000000000012922
PMC6224098,30408073,10.1371/journal.pone.0206908
PMC6235552,30394385,10.3791/58417
PMC6215760,30393984,10.14814/phy2.13908
PMC6209689,30381894,10.14814/phy2.13910
PMC6201139,30379226,10.6061/clinics/2018/e439
PMC6474967,30371262,10.1161/JAHA.118.009185
PMC6248251,30365604,10.5935/abc.20180202
PMC6198139,30350405,10.14814/phy2.13888
PMC6193706,30335836,10.1371/journal.pone.0205976
PMC6181339,30307991,10.1371/journal.pone.0205129
PMC6174122,30295004,10.14814/phy2.13872
PMC6172780,30286760,10.1186/s12970-018-0255-6
PMC6263448,30281689,10.5935/abc.20180167
PMC6161438,30261892,10.1186/s12970-018-0251-x
PMC6154903,30249285,10.1186/s13195-018-0429-0
PMC6136782,30212529,10.1371/journal.pone.0203796
PMC6221412,30199447,10.1519/JSC.0000000000002781
PMC6119687,30175553,10.14814/phy2.13844
PMC6204592,30168279,10.1002/jcsm.12322
PMC6114871,30157271,10.1371/journal.pone.0202815
PMC6103506,30130362,10.1371/journal.pone.0201389
PMC6100503,30125046,10.14814/phy2.13832
PMC6098648,30119697,10.1186/s13063-018-2823-0
PMC6089442,30102743,10.1371/journal.pone.0202264
PMC6298038,30102675,10.1249/MSS.0000000000001735
PMC6249362,30089756,10.5551/jat.43851
PMC6079116,30084226,10.14814/phy2.13816
PMC6070257,30067796,10.1371/journal.pone.0201048
PMC6066218,30059543,10.1371/journal.pone.0199794
PMC6066238,30059539,10.1371/journal.pone.0201598
PMC6056736,30039557,10.14814/phy2.13802
PMC6053180,30024953,10.1371/journal.pone.0200701
PMC6052523,30021542,10.1186/s12890-018-0655-z
PMC6289624,30005988,10.1016/j.burns.2018.06.004
PMC6042354,29996843,10.1186/s12970-018-0238-7
PMC6040736,29995947,10.1371/journal.pone.0200354
PMC6076165,29995821,10.1097/MD.0000000000011523
PMC6060191,29961239,10.1007/s11357-018-0032-0
PMC6025864,29958282,10.1371/journal.pone.0199509
PMC6019731,29941028,10.1186/s13063-018-2701-9
PMC6016626,29939490,10.14814/phy2.13697
PMC6024261,29901612,10.1097/MD.0000000000011068
PMC6176029,29899197,10.1539/joh.2018-0029-OA
PMC6132937,29876799,10.1007/s12574-018-0382-8
PMC5989435,29871697,10.1186/s13075-018-1605-0
PMC5986706,29869409,10.14814/phy2.13724
PMC5941964,29791580,10.5935/abc.20180049
PMC6019177,29781568,10.1002/pbc.27113
PMC6239988,29767350,10.1007/s00421-018-3888-x
PMC5949330,29756296,10.14814/phy2.13705
PMC5944970,29746505,10.1371/journal.pone.0196212
PMC5940675,29740015,10.1038/s41598-018-25452-2
PMC5923017,29703223,10.1186/s13054-018-2030-0
PMC5919484,29698495,10.1371/journal.pone.0195944
PMC6139507,29698107,10.1152/japplphysiol.00722.2017
PMC5916947,29695812,10.1038/s41598-018-24976-x
PMC5916527,29689105,10.1371/journal.pone.0196299
PMC6028900,29687266,10.1007/s00421-018-3869-0
PMC5914074,29685173,10.1186/s12938-018-0476-6
PMC5903697,29665297,10.14814/phy2.13673
PMC5902976,29661150,10.1186/s12872-018-0801-9
PMC5994755,29627740,10.1016/j.atherosclerosis.2018.03.037
PMC5990447,29624641,10.1002/cncr.31368
PMC5886538,29621317,10.1371/journal.pone.0195438
PMC5880879,29611322,10.14814/phy2.13653
PMC5875813,29596452,10.1371/journal.pone.0194776
PMC5869768,29587874,10.1186/s13063-018-2579-6
PMC6073027,29575708,10.1002/ehf2.12285
PMC5866526,29571290,10.1186/s12933-018-0688-x
PMC5864031,29566090,10.1371/journal.pone.0194432
PMC5872788,29562613,10.3390/nu10030370
PMC5862462,29561907,10.1371/journal.pone.0194057
PMC6467827,29557101,10.28920/dhm48.1.40-44
PMC6032300,29537859,10.1152/ajpregu.00425.2017
PMC5872760,29534507,10.3390/nu10030342
PMC5983183,29527681,10.1113/JP275502
PMC6301034,29517959,10.1080/02640414.2018.1449091
PMC5847860,29517834,10.1111/acel.12735
PMC5827496,29484852,10.14814/phy2.13597
PMC5828481,29482601,10.1186/s13063-018-2541-7
PMC5930079,29477492,10.1016/j.jadohealth.2017.11.298
PMC5833553,29472557,10.1038/s41419-017-0256-4
PMC5847329,29461462,10.1249/MSS.0000000000001457
PMC5959994,29435760,10.1007/s00421-018-3814-2
PMC5791928,29434464,10.1310/sci17-00029
PMC6221974,29431521,10.1123/ijsnem.2017-0352
PMC6008171,29406401,10.1097/PHM.0000000000000903
PMC5852725,29382142,10.3390/nu10020149
PMC5789727,29380952,10.14814/phy2.13572
PMC5795927,29342097,10.3390/s18010264
PMC5758716,29311671,10.1038/s41598-017-18320-y
PMC5778955,29307865,10.1161/JAHA.117.006612
PMC5876105,29243165,10.1007/s00520-017-4015-y
PMC6023589,29240004,10.1249/MSS.0000000000001515
PMC5911678,29225298,10.2188/jea.JE20170017
PMC5767204,29196845,10.1007/s00421-017-3767-x
PMC5889783,29147922,10.1007/s40279-017-0816-x
PMC5761491,29077855,10.1210/jc.2017-01571
PMC7831371,28988207,10.1136/heartjnl-2017-311661
PMC5843503,28923457,10.1016/j.jcf.2017.08.015
PMC6314304,28718987,10.1111/dom.13065
PMC5887001,28432611,10.1007/s12576-017-0536-x
PMC5831369,28135225,10.1519/JSC.0000000000001802
PMC5738882,29296106,10.1186/s12970-017-0205-8
PMC5683453,29158726,10.1186/s12970-017-0199-2
PMC6317156,29016876,10.1093/occmed/kqx127
PMC5497029,27930876,10.1111/jdi.12606
PMC5623462,28947458,10.1136/bmjopen-2017-017494
PMC5610901,28657929,10.1097/MAT.0000000000000569
PMC5742706,29242309,10.14814/phy2.13546
PMC5706058,29236912,10.6061/clinics/2017(11)04
PMC5719393,29215063,10.1038/s41598-017-17532-6
PMC5704082,29151442,10.14814/phy2.13506
PMC5681256,29125875,10.1371/journal.pone.0188030
PMC5682783,29095264,10.1097/MD.0000000000008325
PMC5665513,29091915,10.1371/journal.pone.0186926
PMC5649866,29069224,10.1590/1414-431X20176335
PMC5661236,29066597,10.14814/phy2.13475
PMC5661232,29061863,10.14814/phy2.13465
PMC5647115,29045325,10.1249/MSS.0000000000001353
PMC5641938,28989117,10.14814/phy2.13456
PMC5814687,28982943,10.1152/japplphysiol.00585.2017
PMC5609027,28934945,10.1186/s12872-017-0681-4
PMC5579597,28933745,10.3390/nu9080803
PMC5640747,28932907,10.1007/s00421-017-3715-9
PMC5814694,28931547,10.1152/ajpregu.00261.2017
PMC5596463,28919843,10.1186/s12970-017-0191-x
PMC5587075,28911142,10.1210/jc.2017-00923
PMC5778939,28903627,10.1080/10790268.2017.1369213
PMC6157642,28883046,10.1152/japplphysiol.00457.2017
PMC5587270,28877225,10.1371/journal.pone.0184240
PMC5587281,28877186,10.1371/journal.pone.0183740
PMC5622703,28846611,10.3390/nu9090943
PMC5571929,28841704,10.1371/journal.pone.0183502
PMC5644214,28832747,10.5935/abc.20170132
PMC5567555,28829838,10.1371/journal.pone.0183629
PMC5566168,28820847,10.1519/JSC.0000000000001976
PMC6087665,28820332,10.1080/09593985.2017.1357150
PMC5792105,28819005,10.1152/japplphysiol.00431.2017
PMC5552294,28797049,10.1371/journal.pone.0182158
PMC5729348,28769121,10.1038/ijo.2017.181
PMC5538675,28763443,10.1371/journal.pone.0180380
PMC5579614,28758951,10.3390/nu9080820
PMC5532482,28743821,10.14814/phy2.13340
PMC7783779,28718297,10.1177/1533317517720065
PMC5509427,28704507,10.1371/journal.pone.0181228
PMC5507866,28701720,10.1038/s41598-017-05583-8
PMC5625078,28684587,10.1152/japplphysiol.00218.2017
PMC5495480,28672004,10.1371/journal.pone.0180575
PMC5479267,28670117,10.2147/COPD.S135752
PMC5645223,28640060,10.1249/MSS.0000000000001355
PMC5492202,28637705,10.14814/phy2.13312
PMC5480137,28637495,10.1186/s40101-017-0141-y
PMC5467393,28634587,10.1155/2017/8248725
PMC5510047,28613947,10.1089/dia.2017.0010
PMC5466345,28599009,10.1371/journal.pone.0179378
PMC5506237,28597103,10.1007/s00421-017-3621-1
PMC5462750,28592858,10.1038/s41598-017-02811-z
PMC5452353,28572749,10.1186/s12970-017-0172-0
PMC5891220,28571935,10.1016/j.jdiacomp.2017.05.004
PMC5565697,28549665,10.1016/j.niox.2017.05.005
PMC5443547,28542490,10.1371/journal.pone.0178216
PMC5439726,28531211,10.1371/journal.pone.0178003
PMC5430126,28507165,10.14814/phy2.13275
PMC5430120,28507164,10.14814/phy2.13233
PMC5441377,28481126,10.1080/03009734.2017.1317886
PMC5538861,28476919,10.1152/ajpheart.00014.2017
PMC5451924,28468260,10.3390/ijerph14050473
PMC5650718,28467726,10.1089/aid.2016.0287
PMC5406898,28446180,10.1186/s12966-017-0513-z
PMC5408284,28438985,10.14814/phy2.13253
PMC5399469,28427374,10.1186/s12889-017-4237-4
PMC5408283,28420762,10.14814/phy2.13248
PMC5409716,28417910,10.3390/nu9040377
PMC5392524,28400505,10.14814/phy2.13238
PMC5383027,28384329,10.1371/journal.pone.0172894
PMC5392519,28381445,10.14814/phy2.13232
PMC5495431,28374647,10.1177/2047487317702792
PMC5392511,28373411,10.14814/phy2.13219
PMC5392515,28364030,10.14814/phy2.13225
PMC5376328,28362866,10.1371/journal.pone.0174927
PMC5358957,28352184,10.2147/VHRM.S125966
PMC5350328,28349072,10.1155/2017/8083738
PMC5494429,28336535,10.1152/japplphysiol.00514.2016
PMC5356010,28303944,10.1038/srep44590
PMC5350167,28292885,10.14814/phy2.13149
PMC5633636,28283993,10.1007/s40279-017-0711-5
PMC5388723,28280973,10.1007/s00421-017-3574-4
PMC5344378,28278174,10.1371/journal.pone.0173120
PMC5451552,28274927,10.1152/ajprenal.00603.2016
PMC5341371,28270174,10.1186/s13052-017-0347-y
PMC5336231,28257415,10.1371/journal.pone.0171119
PMC5330462,28245246,10.1371/journal.pone.0167263
PMC5328779,28242828,10.14814/phy2.13151
PMC5328776,28242825,10.14814/phy2.13145
PMC5328397,28241030,10.1371/journal.pone.0172706
PMC5316174,28239483,10.1186/s40779-017-0113-x
PMC5331595,28230765,10.3390/nu9020164
PMC5331598,28230742,10.3390/nu9020167
PMC5338542,28193888,10.1073/pnas.1619011114
PMC5299704,28179011,10.1186/s40101-017-0127-9
PMC5674520,28161031,10.1016/j.cortex.2017.01.002
PMC5291476,28158252,10.1371/journal.pone.0171553
PMC5282850,28143453,10.1186/s12890-017-0364-z
PMC5407081,28122720,10.1152/ajpregu.00399.2016
PMC5357083,28121185,10.1139/apnm-2016-0335
PMC5269415,28108650,10.14814/phy2.13119
PMC5269410,28108645,10.14814/phy2.13108
PMC5340620,28104245,10.1016/j.jbiomech.2017.01.007
PMC5256160,28082428,10.14814/phy2.13101
PMC5225514,28077104,10.1186/s12890-016-0360-8
PMC5226792,28076413,10.1371/journal.pone.0168517
PMC5226715,28076352,10.1371/journal.pone.0166299
PMC6490324,28075500,10.1002/clc.22656
PMC5433894,28072632,10.1249/MSS.0000000000001200
PMC5217563,28057077,10.1186/s40101-016-0122-6
PMC5313582,28032253,10.1007/s00421-016-3517-5
PMC5321861,27989841,10.1016/j.neuroimage.2016.10.033
PMC5401949,27909231,10.1152/japplphysiol.00909.2016
PMC5422128,27908464,10.1016/j.burns.2016.11.004
PMC5407968,27900769,10.1113/JP273176
PMC5283936,27856415,10.1152/ajpregu.00381.2016
PMC5186410,27840272,10.1016/j.resp.2016.11.003
PMC7707852,27693420,10.1016/j.apmr.2016.08.481
PMC5407966,27689320,10.1113/JP273109
PMC6407416,27682435,10.1007/s40520-016-0632-4
PMC5563971,27644475,10.1080/17461391.2016.1230892
PMC5161655,27580151,10.1249/MSS.0000000000001074
PMC5298048,27500986,10.1002/ajhb.22902
PMC5407978,27396440,10.1113/JP272570
PMC5215981,27386963,10.1519/JSC.0000000000001553
PMC5125839,27322733,10.1080/10749357.2016.1183866
PMC6837471,27077457,10.1080/13510002.2016.1169622
PMC5729727,27075360,10.1177/1479972316643699
PMC5376139,26832125,10.1080/10790268.2015.1117192
PMC5341704,26607845,10.1113/JP271333
PMC4800144,26969643,10.1136/bmjopen-2015-010359
PMC4820007,26874378,10.1016/j.jchf.2015.11.003
PMC5260088,27986837,10.14814/phy2.13065
PMC5110861,27982162,10.6061/clinics/2016(11)02
PMC5147982,27936084,10.1371/journal.pone.0167790
PMC5137797,27903541,10.1161/CIRCIMAGING.116.005511
PMC5188410,27897989,10.3390/nu8120755
PMC5358004,27884955,10.14814/phy2.13032
PMC5104477,27832088,10.1371/journal.pone.0165433
PMC5112538,27828665,10.1590/1414-431X20165181
PMC5133060,27792164,10.3390/nu8110672
PMC5082935,27788182,10.1371/journal.pone.0165010
PMC5061984,27777958,10.1155/2016/2372741
PMC5061978,27777795,10.1155/2016/2479597
PMC5059579,27774458,10.1155/2016/4073618
PMC5073936,27769274,10.1186/s12937-016-0206-5
PMC5084026,27754419,10.3390/nu8100639
PMC5038574,27703345,10.2147/COPD.S113657
PMC5130498,27638878,10.1152/ajpheart.00398.2016
PMC5026397,27632078,10.1097/NPT.0000000000000147
PMC5020445,27619491,10.1186/s12889-016-3652-2
PMC5037535,27618091,10.3390/nu8090550
PMC6347073,27591218,10.1152/ajpheart.00275.2016
PMC5037521,27589795,10.3390/nu8090534
PMC4991073,27538896,10.1186/s13063-016-1522-y
PMC4988702,27532605,10.1371/journal.pone.0161375
PMC5134384,27500951,10.1113/JP273089
PMC4979851,27495097,10.1097/MD.0000000000004497
PMC5025384,27491778,10.1039/c6fo00611f
PMC5483944,27490111,10.1055/s-0042-110654
PMC4968829,27479009,10.1371/journal.pone.0160275
PMC4965115,27467214,10.1371/journal.pone.0160239
PMC4962071,27456910,10.14814/phy2.12864
PMC4962068,27436584,10.14814/phy2.12844
PMC5088244,27435799,10.1113/JP272851
PMC4949751,27430558,10.1186/s12906-016-1213-y
PMC4946108,27417194,10.1186/s12884-016-0947-3
PMC5765839,27410768,10.1055/s-0042-103029
PMC4954735,27409333,10.1590/1414-431X20165229
PMC5068465,27407099,10.1177/1535370216658143
PMC5108056,27392374,10.1123/jpah.2015-0728
PMC5073122,27380030,10.1007/s00726-016-2282-4
PMC4930190,27368057,10.1371/journal.pone.0158589
PMC4963869,27348000,10.3390/nu8070393
PMC4963868,27347999,10.3390/nu8070392
PMC4963866,27347996,10.3390/nu8070390
PMC4975154,27346646,10.1016/j.exger.2016.06.009
PMC4983286,27311582,10.1007/s00421-016-3412-0
PMC4914003,27305285,10.5935/abc.20160070
PMC5975719,27271253,10.1093/gerona/glw108
PMC4943996,27270706,10.1007/s00421-016-3409-8
PMC5644850,27260224,10.1159/000444145
PMC5023715,27241818,10.1113/JP272283
PMC4881060,27225602,10.1186/s12877-016-0283-5
PMC4853065,27167433,10.1590/S1806-37562015000000078
PMC4842047,27144169,10.1155/2016/5481843
PMC4842901,27134769,10.1002/brb3.469
PMC4875052,27126859,10.1007/s00421-016-3379-x
PMC4849644,27124720,10.1371/journal.pone.0153617
PMC4846072,27115137,10.1371/journal.pone.0154075
PMC4875070,27106870,10.1007/s00421-016-3377-z
PMC4841588,27104346,10.1371/journal.pone.0154135
PMC5046191,27103222,10.2522/ptj.20150277
PMC4835079,27088872,10.1371/journal.pone.0153826
PMC4831776,27078151,10.1371/journal.pone.0153229
PMC4833219,27074169,10.1590/1414-431X20155061
PMC4830622,27074034,10.1371/journal.pone.0153445
PMC4824480,27055287,10.1371/journal.pone.0153159
PMC4891791,27050869,10.1210/jc.2015-4333
PMC4808835,27005660,10.3390/nu8030049
PMC4935591,26999467,10.1038/bmt.2016.73
PMC4967759,26959808,10.1113/JP272037
PMC4845704,26959403,10.5935/abc.20160031
PMC4783109,26953893,10.1371/journal.pone.0150799
PMC5835965,26933148,10.1177/1099800416633836
PMC4919019,26920596,10.1016/j.ahj.2015.12.006
PMC4769276,26919064,10.1371/journal.pone.0150201
PMC4967730,26918583,10.1113/JP271934
PMC4759860,26900386,10.1186/s12970-016-0117-z
PMC4757413,26885978,10.1371/journal.pone.0149082
PMC4759046,26884479,10.14814/phy2.12719
PMC5127690,26882910,10.1161/CIRCULATIONAHA.115.019464
PMC4892939,26874390,10.1016/j.jchf.2015.12.013
PMC4899150,26869243,10.1038/ijo.2016.21
PMC4892151,26860899,10.1093/icvts/ivw007
PMC5005861,26841888,10.1007/s11357-016-9882-5
PMC5108447,26837934,10.1055/s-0035-1569284
PMC4789087,26827898,10.1016/j.yjmcc.2016.01.023
PMC4732768,26824906,10.1371/journal.pone.0147330
PMC4706966,26819767,10.1155/2016/4583674
PMC4727277,26816497,10.1186/s12970-016-0115-1
PMC4726690,26807572,10.1371/journal.pone.0147691
PMC4887693,26801350,10.1113/JP271889
PMC4721596,26794677,10.1371/journal.pone.0144873
PMC4868671,26784276,10.1249/MSS.0000000000000880
PMC4715309,26775292,10.1186/s12890-016-0174-8
PMC4765006,26760783,10.5935/abc.20150148
PMC4819748,26759155,10.1007/s00421-016-3326-x
PMC4760406,26755735,10.14814/phy2.12672
PMC5642331,26741124,10.1249/MSS.0000000000000862
PMC4773949,26740674,10.1212/WNL.0000000000002329
PMC4699761,26727499,10.1371/journal.pone.0145733
PMC5102295,26707873,10.1080/10790268.2015.1126939
PMC4733633,26631814,10.1016/j.neuroimage.2015.11.049
PMC4799962,26614395,10.1113/JP271229
PMC4696905,26593640,10.1016/j.resp.2015.11.004
PMC4795964,26587844,10.1249/MSS.0000000000000820
PMC4739349,26565690,10.1089/acm.2015.0082
PMC4698441,26514619,10.1152/japplphysiol.00582.2015
PMC5642317,26465216,10.1249/MSS.0000000000000793
PMC4760922,26460630,10.1249/MSS.0000000000000789
PMC4713742,26457670,10.1113/JP270844
PMC4826640,26451845,10.1123/pes.2015-0037
PMC5137570,26449780,10.1179/2045772315Y.0000000052
PMC4760838,26414317,10.1249/MSS.0000000000000775
PMC5459676,27918696,10.1123/jab.2016-0120
PMC4715229,25896993,10.1093/gerona/glv041
PMC4933110,25645978,10.1113/jphysiol.2014.285254
PMC4725790,25520035,10.1179/2045772314Y.0000000281
PMC4640051,26338956,10.1161/CIRCULATIONAHA.115.017119
PMC8031621,26073606,10.1111/jch.12591
PMC4765424,26958018,10.4314/ahs.v15i4.16
PMC4696681,26717409,10.1371/journal.pone.0144691
PMC4678091,26697141,10.1155/2016/8262383
PMC4684925,26687118,10.1186/s40101-015-0079-x
PMC4678700,26674253,10.1186/s12970-015-0106-7
PMC4678643,26666374,10.1186/s13063-015-1093-3
PMC4660661,26612980,10.1186/s12970-015-0105-8
PMC4653935,26586130,10.1186/s12984-015-0099-0
PMC4716656,26581795,10.1017/S1355617715000843
PMC4633002,26559985,10.5935/abc.20150089
PMC4641341,26555762,10.1186/s12938-015-0099-0
PMC4627811,26517867,10.1371/journal.pone.0141256
PMC4627801,26517550,10.1371/journal.pone.0141680
PMC4661029,26517335,10.1590/1414-431X20154532
PMC4619258,26489022,10.1371/journal.pone.0138853
PMC4608805,26474292,10.1371/journal.pone.0140863
PMC4607305,26468885,10.1371/journal.pone.0140616
PMC4845119,26464425,10.1161/JAHA.115.002084
PMC4919021,26455884,10.1016/j.mayocp.2015.07.026
PMC4590345,26451096,10.2147/COPD.S88965
PMC4595106,26445565,10.1186/s12970-015-0098-3
PMC4596858,26444557,10.1371/journal.pone.0139801
PMC4587792,26418339,10.1371/journal.pone.0138906
PMC4587735,26418015,10.1371/journal.pone.0139279
PMC4581708,26402859,10.1371/journal.pone.0139056
PMC4661031,26397972,10.1590/1414-431X20154692
PMC4671532,26397970,10.1590/1414-431X20154787
PMC4575035,26383249,10.1371/journal.pone.0138154
PMC4574739,26378914,10.1371/journal.pone.0138175
PMC4670459,26371170,10.1152/ajpheart.00525.2015
PMC4564197,26352938,10.1371/journal.pone.0137567
PMC4604065,26310984,10.1016/j.ijcard.2015.08.101
PMC4908456,26303787,10.1016/j.jstrokecerebrovasdis.2015.07.002
PMC4570431,26295396,10.3390/s150820480
PMC4546343,26292225,10.1371/journal.pone.0134813
PMC4545368,26286397,10.1186/s12890-015-0095-y
PMC4536895,26272327,10.1186/s12884-015-0607-z
PMC4606532,26258623,10.1113/JP270408
PMC4530878,26258597,10.1371/journal.pone.0133286
PMC4529285,26252477,10.1371/journal.pone.0135057
PMC4529077,26252001,10.1371/journal.pone.0133785
PMC4593812,26251510,10.1152/japplphysiol.00241.2015
PMC4555111,26225993,10.3390/nu7085272
PMC4568808,26222648,10.1590/1414-431X20154529
PMC4506616,26187632,10.1186/s13023-015-0303-0
PMC4519923,26184173,10.3390/ijms160715761
PMC4496096,26154515,10.1371/journal.pone.0130817
PMC4478397,26137190,10.4314/mmj.v27i1.2
PMC4484682,26131705,10.5935/abc.20150039
PMC4484680,26131703,10.5935/abc.20150035
PMC4482578,26114455,10.5014/ajot.2015.015636
PMC4566409,26053283,10.1513/AnnalsATS.201410-470OC
PMC4484666,26050073,10.1097/NPT.0000000000000095
PMC4452519,26030423,10.1371/journal.pone.0127548
PMC4467620,26025443,10.1186/s13104-015-1210-0
PMC4446086,26019694,10.1186/s12970-015-0084-9
PMC4516681,26003997,10.1016/j.jpeds.2015.04.058
PMC4441444,26000713,10.1371/journal.pone.0127509
PMC4446776,25988766,10.3390/nu7053739
PMC4446772,25988762,10.3390/nu7053666
PMC4532538,25988759,10.1113/JP270518
PMC4446830,25985982,10.1186/s12890-015-0056-5
PMC4435815,25972217,10.14423/SMJ.0000000000000282
PMC5652894,25968470,10.1159/000431002
PMC4426177,25952923,10.1186/s12890-015-0050-y
PMC4532533,25952760,10.1113/JP270238
PMC4430900,25952747,10.1186/s12890-015-0036-9
PMC6345209,25930024,10.1152/japplphysiol.00092.2015
PMC4427241,25913937,10.1080/00913847.2015.1037231
PMC4357216,25886031,10.1186/s12884-015-0474-7
PMC4388019,25879043,10.1155/2015/538732
PMC4395203,25876039,10.1371/journal.pone.0123115
PMC4395407,25875746,10.1371/journal.pone.0124180
PMC4385700,25874024,10.1155/2015/804794
PMC4410230,25872015,10.3390/ijerph120404018
PMC4383510,25866778,10.1155/2015/378469
PMC4405815,25860019,10.1371/journal.pone.0122767
PMC4598265,25856681,10.1249/MSS.0000000000000678
PMC4388468,25849090,10.1371/journal.pone.0123101
PMC4436983,25814638,10.1152/japplphysiol.00932.2014
PMC4373931,25807517,10.1371/journal.pone.0120338
PMC4392441,25801760,10.1161/JAHA.114.001602
PMC4368602,25793753,10.1371/journal.pone.0120354
PMC4366200,25789625,10.1371/journal.pone.0122260
PMC5963531,25749641,10.1016/j.rmed.2014.12.002
PMC4551124,25747752,10.1152/ajpheart.00723.2014
PMC4349455,25738290,10.1371/journal.pone.0118470
PMC4418366,25714888,10.1590/1414-431X20144235
PMC4332739,25694204,10.3402/ljm.v10.26680
PMC4311117,25672429,10.6061/clinics/2015(01)09
PMC4372048,25660923,10.1016/j.jacc.2014.11.037
PMC4319837,25659094,10.1371/journal.pone.0117563
PMC4405759,25640469,10.1113/jphysiol.2014.283267
PMC4398858,25632021,10.1152/ajpregu.00419.2014
PMC4477926,25622243,10.4085/1062-6050-49.5.04
PMC4294172,25593485,10.3748/wjg.v21.i2.600
PMC4470717,25585514,10.3109/09593985.2014.1003118
PMC4303840,25569624,10.3390/nu7010293
PMC4346742,25539934,10.1152/japplphysiol.00759.2014
PMC4324715,25398528,10.1113/jphysiol.2014.281873
PMC4540072,25393513,10.1111/apha.12423
PMC4447797,25190069,10.1093/gerona/glu146
PMC4286519,25003779,10.1249/MSS.0000000000000434
PMC4685937,24901330,10.1097/HTR.0000000000000062
PMC4400393,24821105,10.1093/gerona/glu065
PMC5350632,24785976,10.1038/jhh.2014.33
PMC4376254,24781891,10.1249/MSS.0000000000000370
PMC4237147,25145663,10.1002/ajhb.22607
PMC3986903,24670140,10.1186/1745-6215-15-95
PMC3922602,24491065,10.1186/1745-6215-15-45
PMC8796704,23897020,10.1519/JSC.0b013e3182a35ed0
PMC6987893,24309300,10.1016/j.dcn.2013.11.001
PMC6152564,25811202,10.5144/0256-4947.2014.302
PMC4303834,25558906,10.3390/nu7010209
PMC4270305,25540588,10.2147/VHRM.S73688
PMC4270748,25521824,10.1371/journal.pone.0115308
PMC4262454,25494054,10.1371/journal.pone.0114729
PMC4256403,25474642,10.1371/journal.pone.0114205
PMC4338724,25468660,10.1161/JAHA.114.001293
PMC4314393,25457842,10.1016/j.jneuroim.2014.10.003
PMC4245230,25426954,10.1371/journal.pone.0113884
PMC4239061,25411850,10.1371/journal.pone.0113471
PMC4224668,25380675,10.1007/s11357-014-9727-z
PMC4221259,25372404,10.1371/journal.pone.0112079
PMC4218754,25365337,10.1371/journal.pone.0111489
PMC4825531,25363124,10.5539/gjhs.v6n6p198
PMC4216092,25360744,10.1371/journal.pone.0111621
PMC4206360,25352504,10.5935/abc.20140137
PMC4206434,25338085,10.1371/journal.pone.0110774
PMC4201545,25330388,10.1371/journal.pone.0110492
PMC4219124,25326902,10.1186/1475-925X-13-145
PMC4271449,25306061,10.1186/1743-0003-11-145
PMC4254836,25301897,10.1152/japplphysiol.00395.2014
PMC4188634,25289885,10.1371/journal.pone.0109954
PMC4254835,25277736,10.1152/japplphysiol.00456.2014
PMC4269737,25269518,10.1038/jcbfm.2014.142
PMC4182539,25268505,10.1371/journal.pone.0108690
PMC4262341,25260636,10.1113/jphysiol.2014.272898
PMC4233250,25257877,10.1152/japplphysiol.00060.2014
PMC4174424,25251930,10.1089/ham.2013.1114
PMC4253596,25241180,10.1016/j.jpeds.2014.08.005
PMC4273184,25225839,10.1089/ham.2014.1027
PMC4495884,25129067,10.1016/j.amjcard.2014.05.068
PMC4128819,25111294,10.1371/journal.pone.0103626
PMC4128743,25110952,10.1371/journal.pone.0104710
PMC4125158,25101975,10.1371/journal.pone.0103814
PMC4106953,25075179,10.2147/CIA.S62313
PMC4466107,25068750,10.2466/27.29.PMS.118k28w7
PMC4157162,25059240,10.1152/japplphysiol.00367.2014
PMC4146683,25051173,10.1139/apnm-2014-0137
PMC4087294,25045690,10.1155/2014/675363
PMC4091871,25010608,10.1371/journal.pntd.0002983
PMC4165298,25003546,10.1590/1414-431X20143713
PMC4150896,24997017,10.1007/s11357-014-9665-9
PMC4113752,24979615,10.3390/nu6072493
PMC4055602,24971340,10.1155/2014/632765
PMC4067277,24956391,10.1371/journal.pone.0099282
PMC4078551,24886754,10.3390/ijerph110605839
PMC4052616,24886168,10.1186/1742-4682-11-25
PMC4014085,24885417,10.1186/1472-6874-14-62
PMC4032629,24885115,10.1186/1471-2474-15-163
PMC4229957,24885001,10.1186/1471-2466-14-96
PMC4015384,24882905,10.5665/sleep.3770
PMC4458640,24855136,10.1152/japplphysiol.00218.2014
PMC4074746,24836751,10.1089/ham.2013.1084
PMC4214665,24835170,10.1113/jphysiol.2014.272104
PMC4097338,24832191,10.1007/s00421-014-2895-9
PMC4020853,24826899,10.1371/journal.pone.0097534
PMC4122649,24824900,10.1249/MSS.0000000000000296
PMC4169338,24800719,10.1097/PHM.0000000000000108
PMC4006871,24788342,10.1371/journal.pone.0096574
PMC4006862,24788166,10.1371/journal.pone.0095924
PMC3999104,24763386,10.1371/journal.pone.0096145
PMC3994003,24752326,10.1371/journal.pone.0092088
PMC4048668,24748530,10.1007/s00421-014-2883-0
PMC4048667,24748529,10.1007/s00421-014-2878-x
PMC3996514,24743110,10.1249/MSS.0000000000000183
PMC3989295,24740278,10.1371/journal.pone.0095202
PMC3988165,24736598,10.1371/journal.pone.0095025
PMC3988078,24736313,10.1371/journal.pone.0094990
PMC3958650,24724089,10.1155/2014/616935
PMC3958708,24723803,10.1155/2014/370759
PMC3990060,24719129,10.3349/ymj.2014.55.3.635
PMC3987313,24714795,10.5935/abc.20140021
PMC4080945,24687586,10.1113/jphysiol.2014.274068
PMC4080942,24687582,10.1113/jphysiol.2014.271288
PMC3967193,24667134,10.3390/nu6031273
PMC4074856,24655701,10.1016/j.ahj.2013.12.021
PMC4048778,24643426,10.1007/s00421-014-2861-6
PMC3958411,24643011,10.1371/journal.pone.0092031
PMC4043225,24612773,10.1111/apha.12275
PMC3931829,24586992,10.1371/journal.pone.0089729
PMC3929557,24586293,10.1371/journal.pone.0087803
PMC3919112,24579086,10.1155/2014/748972
PMC4172530,24563162,10.1007/s12020-014-0210-5
PMC3922864,24533082,10.1371/journal.pone.0088384
PMC3921204,24523934,10.1371/journal.pone.0088707
PMC3926340,24499131,10.1186/1475-925X-13-9
PMC3912057,24498356,10.1371/journal.pone.0087699
PMC3909150,24498121,10.1371/journal.pone.0087506
PMC3908867,24497913,10.1371/journal.pone.0081850
PMC4119860,24496118,10.1249/MSS.0000000000000283
PMC4001759,24492839,10.1113/jphysiol.2013.267419
PMC3909870,24476472,10.1139/apnm-2013-0263
PMC3896384,24465535,10.1371/journal.pone.0085320
PMC3891752,24454832,10.1371/journal.pone.0085276
PMC4291113,24450855,10.1111/apha.12241
PMC3880282,24404156,10.1371/journal.pone.0084208
PMC3875193,24399871,10.2147/CIA.S30048
PMC3920240,24363306,10.1152/ajpheart.00711.2013
PMC3971220,24363185,10.1007/s11999-013-3429-1
PMC3921353,24356515,10.1152/japplphysiol.00659.2013
PMC3895187,24327174,10.1007/s00421-013-2783-8
PMC3948124,24301294,10.1038/jcbfm.2013.220
PMC3991014,24269495,10.1016/j.bbr.2013.11.023
PMC4039249,24243396,10.1007/s11357-013-9596-x
PMC3922500,24190933,10.1113/jphysiol.2013.262246
PMC3974503,24145722,10.1249/MSS.0000000000000137
PMC3913302,23989732,10.1378/chest.12-2885
PMC3933613,23975543,10.1007/s12192-013-0453-8
PMC4498402,23890224,10.1111/resp.12162
PMC3893314,23860416,10.1249/MSS.0b013e3182a44164
PMC3859838,23810973,10.1016/j.neuroimage.2013.06.062
PMC4014004,23525888,10.1177/0309364613481489
PMC8846961,23239870,10.1152/japplphysiol.01202.2012
PMC3873997,24386434,10.1371/journal.pone.0084901
PMC3875931,24352094,10.3390/nu5125193
PMC4207143,24346296,10.1590/S1413-35552012005000129
PMC3855800,24324843,10.1371/journal.pone.0083432
PMC3903144,24282212,10.1136/bjsports-2013-092826
PMC3903152,24282209,10.1136/bjsports-2013-092559
PMC3836744,24278393,10.1371/journal.pone.0081181
PMC3836745,24278389,10.1371/journal.pone.0081130
PMC3827199,24265812,10.1371/journal.pone.0080348
PMC3813710,24204790,10.1371/journal.pone.0077290
PMC3807849,24198732,10.1155/2013/952350
PMC3888360,24189215,10.1097/HCR.0000000000000025
PMC3892474,24167223,10.1113/jphysiol.2013.262709
PMC3850718,24083543,10.1186/1471-2407-13-446
PMC3775791,24069257,10.1371/journal.pone.0073967
PMC3767643,24040200,10.1371/journal.pone.0074182
PMC3923455,24036384,10.1161/CIRCIMAGING.113.000565
PMC3847462,24028201,10.1186/1471-2474-14-266
PMC3762808,24023948,10.1371/journal.pone.0074524
PMC3841834,23990240,10.1152/japplphysiol.00633.2013
PMC3747083,23977198,10.1371/journal.pone.0072025
PMC3867084,23952038,10.4085/1062-6050-48.5.01
PMC3741131,23951207,10.1371/journal.pone.0071623
PMC3978470,23941324,10.1186/ar4263
PMC3733956,23940722,10.1371/journal.pone.0071219
PMC4023251,23930548,10.1080/02701367.2013.784720
PMC4236228,23913951,10.1242/jeb.081711
PMC4060519,23901060,10.1177/1545968313497103
PMC3702554,23861854,10.1371/journal.pone.0068091
PMC3699487,23844153,10.1371/journal.pone.0068047
PMC3758534,23820153,10.1179/2045772313Y.0000000127
PMC3763067,23813531,10.1152/japplphysiol.00606.2013
PMC3702463,23805900,10.1186/1471-2458-13-614
PMC3693866,23800133,10.1186/1479-5868-10-79
PMC3713080,23774582,10.1249/MSS.0b013e3182860099
PMC3781561,23761134,10.2337/dc13-0084
PMC3680785,23746564,10.1016/j.nutres.2013.04.009
PMC3725493,23743969,10.3390/nu5062062
PMC3667025,23734250,10.1371/journal.pone.0065382
PMC3681550,23731674,10.1186/1471-2407-13-272
PMC3654926,23691196,10.1371/journal.pone.0064319
PMC3800492,23669880,10.1249/MSS.0b013e31829a6ce8
PMC4620539,23668854,10.1080/15459624.2013.792681
PMC3658877,23663658,10.1186/1471-2261-13-36
PMC3645086,23658562,10.4314/ahs.v13i1.2
PMC3611747,23644856,10.6061/clinics/2013(03)OA12
PMC3716342,23616163,10.1212/WNL.0b013e318293e310
PMC3701282,23616151,10.1210/jc.2013-1229
PMC3723704,23609936,10.1038/ijo.2013.45
PMC3727012,23599396,10.1152/japplphysiol.00084.2013
PMC3821373,23591157,10.1017/S0007114513001001
PMC3832117,23587886,10.1113/jphysiol.2013.252767
PMC3686708,23587209,10.1186/1880-6805-32-6
PMC3778030,23584403,10.1249/MSS.0b013e3182965249
PMC3616086,23573201,10.1371/journal.pone.0059561
PMC3778031,23559122,10.1249/MSS.0b013e318294b225
PMC3636051,23557387,10.1186/1471-2431-13-47
PMC3748584,23542491,10.1016/j.scitotenv.2013.02.092
PMC3652075,23515617,10.1152/ajpregu.00016.2013
PMC4035105,23507997,10.1038/ijo.2013.29
PMC3599998,23497269,10.1186/1471-2474-14-86
PMC3656435,23412900,10.1152/japplphysiol.00765.2012
PMC3610988,23408428,10.1074/jbc.M112.440354
PMC3599214,23406834,10.1186/1880-6805-32-2
PMC3677975,23397151,10.1007/s00421-012-2583-6
PMC3631820,23393211,10.2337/dc12-1161
PMC3524509,23288976,10.5665/sleep.2310
PMC3615590,23288554,10.1152/japplphysiol.01341.2012
PMC3602722,23255590,10.1152/ajpregu.00409.2012
PMC3696526,23238135,10.1123/japa.21.4.444
PMC3623484,23160363,10.1093/gerona/gls220
PMC4574905,23128427,10.1001/jamaneurol.2013.646
PMC4838135,23103494,10.1152/ajpheart.00603.2012
PMC3529969,23085240,10.1016/j.resp.2012.10.007
PMC3544519,23065759,10.1152/japplphysiol.01107.2012
PMC5822436,23059862,10.1249/MSS.0b013e318276c73c
PMC3541455,22997144,10.1002/ppul.22639
PMC3569593,22945269,10.1007/s00421-012-2483-9
PMC3514603,22935575,10.1097/HTR.0b013e31826463a1
PMC3449013,22609636,10.1097/CEJ.0b013e328353ed81
PMC4007486,22398418,10.1123/jpah.10.1.62
PMC3636413,22252436,10.1007/s11357-011-9379-1
PMC3530492,23300766,10.1371/journal.pone.0052769
PMC3527426,23284929,10.1371/journal.pone.0052191
PMC3520986,23251455,10.1371/journal.pone.0051213
PMC3527663,23182645,10.1016/j.nmd.2012.10.017
PMC3527216,23171610,10.1186/1756-0500-5-646
PMC3498322,23155452,10.1371/journal.pone.0049098
PMC3533971,23152980,10.1186/1471-2288-12-172
PMC3484529,23118534,10.2147/COPD.S35637
PMC3533552,23114600,10.1172/JCI64526
PMC3636995,23083785,10.1016/j.jacc.2012.08.970
PMC3496000,23011489,10.1097/HCR.0b013e31826be485
PMC3544492,22984253,10.1152/japplphysiol.00761.2012
PMC3511643,22981266,10.1016/j.amjcard.2012.08.015
PMC3433433,22973462,10.1371/journal.pone.0044594
PMC3951984,22914593,10.3233/JAD-2012-121078
PMC3548746,22830586,10.1186/1742-4682-9-29
PMC3488266,22822237,10.2522/ptj.20110472
PMC3399826,22815970,10.1371/journal.pone.0041199
PMC3370314,22760901,10.6061/clinics/2012(06)12
PMC3433339,22731991,10.1186/1471-2458-12-480
PMC3925942,22700537,10.2522/ptj.20110310
PMC3426168,22653993,10.1152/japplphysiol.01416.2011
PMC3356747,22645458,10.1100/2012/810859
PMC3378011,22643154,10.3109/02813432.2012.649631
PMC3389570,22595894,10.1097/HCR.0b013e31825828f4
PMC3342449,22592277,10.1249/MSS.0b013e3182444c4b
PMC3404833,22582214,10.1152/japplphysiol.00127.2012
PMC3346266,22566743,10.2147/VHRM.S30056
PMC3341588,22547251,10.1097/gme.0b013e318238ea66
PMC3422400,22525766,10.1249/MSS.0b013e318258ac11
PMC3404561,22510711,10.1152/ajpendo.00658.2011
PMC3353851,22510295,10.1186/1471-2393-12-30
PMC3489036,22487149,10.1111/j.1475-097X.2011.01072.x
PMC3415169,22453254,10.3791/3413
PMC4915826,22449457,10.1016/j.exger.2012.03.004
PMC3379959,22424138,10.1186/1756-3305-5-50
PMC3388171,22382170,10.1249/MSS.0b013e31824f5be4
PMC3281952,22363576,10.1371/journal.pone.0031187
PMC3280209,22355401,10.1371/journal.pone.0031880
PMC3664274,22344063,10.1519/JSC.0b013e31824f236c
PMC3358574,22341835,10.1016/j.jvs.2011.12.060
PMC3302930,22315957,10.1111/j.1532-5415.2011.03819.x
PMC3297473,22314872,10.1097/AOG.0b013e31824760b5
PMC3345338,22282772,10.2522/ptj.20110157
PMC5417129,22282471,10.1210/me.2011-1274
PMC3382333,22250211,10.1113/jphysiol.2011.224535
PMC3366128,22101867,10.1007/s00586-011-2068-z
PMC3328621,22051572,10.1249/MSS.0b013e31823f679f
PMC3289423,22033530,10.1152/japplphysiol.00779.2011
PMC3253922,22030098,10.1016/j.ymgme.2011.09.030
PMC3998746,22015710,10.1249/MSS.0b013e31823cef5e
PMC3274603,21942923,10.1111/j.1365-2265.2011.04212.x
PMC3729016,21912302,10.1249/MSS.0b013e3182366f6c
PMC3257002,21810941,10.1258/phleb.2011.010084
PMC3908779,21796048,10.1249/MSS.0b013e31822cf717
PMC3204319,21782401,10.1016/j.numecd.2011.03.002
PMC3276766,21748369,10.1007/s00421-011-2063-4
PMC3329968,21717119,10.1007/s00421-011-2054-5
PMC3337932,21559869,10.1007/s11357-011-9258-9
PMC3253274,21512799,10.1007/s00421-011-1964-6
PMC3280309,22142419,10.1186/1471-244X-11-188
PMC3229718,22133248,10.1016/j.apmr.2011.07.194
PMC3334640,22098761,10.1186/ar3519
PMC3247179,22053981,10.1186/1471-227X-11-20
PMC3216315,22036210,10.1016/j.bmc.2011.10.005
PMC3229041,22003158,10.2522/ptj.20100391
PMC3263776,21969677,10.1098/rsta.2011.0166
PMC3233884,21921244,10.1152/japplphysiol.00569.2011
PMC3180857,21920265,10.1016/j.jacc.2011.06.025
PMC3163015,21904641,10.1155/2011/329643
PMC3148454,21876964,10.1590/S1807-59322011000700003
PMC3175468,21871113,10.1186/1471-2458-11-671
PMC3220310,21799133,10.1152/japplphysiol.01216.2010
PMC3109383,21789388,10.1590/S1807-59322011000500020
PMC3752599,21741606,10.1016/j.amjcard.2011.04.037
PMC3174788,21737826,10.1152/japplphysiol.00489.2011
PMC3180000,21727220,10.1113/jphysiol.2011.210880
PMC3179538,21690001,10.1109/TBME.2011.2159840
PMC3192266,21659563,10.1136/bjsm.2010.079855
PMC3591478,21636322,10.1016/j.jsams.2011.05.001
PMC3701959,21606869,10.1249/MSS.0b013e31822432d4
PMC3143203,21574893,10.3109/00207454.2011.574762
PMC3137529,21527667,10.1152/japplphysiol.00334.2011
PMC3163767,21520007,10.1007/s00467-011-1887-9
PMC3112559,21486813,10.1113/jphysiol.2010.204461
PMC3061986,21484034,10.1590/S1807-59322011000200004
PMC3218268,21437606,10.1007/s00421-011-1914-3
PMC3087864,21420062,10.1016/j.amjcard.2011.01.021
PMC3046138,21386991,10.1371/journal.pone.0017007
PMC4460985,21349488,10.1016/j.amjcard.2010.12.022
PMC3081427,21316155,10.1016/j.burns.2010.12.021
PMC3283169,21278137,10.1152/ajpheart.00867.2010
PMC3060373,21224234,10.1113/jphysiol.2010.201343
PMC3058897,21219246,10.1089/jwh.2010.2042
PMC3017491,21214352,10.4085/1062-6050-46.1.61
PMC3062961,21129760,10.1016/j.metabol.2010.10.005
PMC3105266,21123852,10.1093/aje/kwq362
PMC3991475,21098782,10.1161/CIRCOUTCOMES.110.939371
PMC3092926,21079989,10.1007/s00421-010-1719-9
PMC3253005,21051570,10.1152/japplphysiol.00907.2010
PMC3041468,21036777,10.1093/eurjhf/hfq187
PMC3217467,20972575,10.1007/s00421-010-1694-1
PMC3253010,20930125,10.1152/japplphysiol.00634.2010
PMC3005100,20884383,10.1016/j.resp.2010.09.011
PMC3036016,20803223,10.1007/s00586-010-1561-0
PMC3148148,20798968,10.1007/s10072-010-0396-0
PMC2993776,20732688,10.1016/j.jpeds.2010.07.007
PMC3541829,21319623,10.2466/05.06.PMS.111.6.848-862
PMC3058311,21091609,10.1111/j.1751-7133.2010.00187.x
PMC2978011,21062183,10.4085/1062-6050-45.6.594
PMC2984455,21047400,10.1186/1471-2296-11-83
PMC2962920,20965381,10.1016/j.amepre.2010.07.015
PMC2964609,20937116,10.1186/1479-5876-8-93
PMC2953473,20932466,10.1016/j.cardfail.2010.05.003
PMC2965727,20925920,10.1186/1471-2407-10-531
PMC3006409,20864556,10.1152/japplphysiol.00725.2010
PMC3049111,20847403,10.3233/JAD-2010-100768
PMC3444790,20831452,10.3109/02813432.2010.514136
PMC2932474,20801259,10.1016/j.apmr.2010.06.003
PMC2963322,20724560,10.1152/japplphysiol.00495.2010
PMC2974800,20692790,10.1016/j.jvs.2010.05.115
PMC2974202,20683609,10.1007/s00421-010-1586-4
PMC3006408,20651217,10.1152/japplphysiol.00116.2010
PMC2963332,20634355,10.1152/japplphysiol.00462.2010
PMC2922999,20605898,10.1093/humrep/deq172
PMC2954235,20566734,10.1093/gerona/glq109
PMC3033211,20529977,10.1177/0003319710369100
PMC2891696,20509967,10.1186/1471-2466-10-33
PMC2908447,20464413,10.1007/s00421-010-1497-4
PMC3292194,20440028,10.1123/japa.18.2.158
PMC3774425,20431020,10.1152/japplphysiol.01431.2009
PMC4780578,20430267,10.1016/j.jacc.2009.11.086
PMC3021301,20412642,10.4293/108680810X12674612014905
PMC2901984,20403976,10.1113/jphysiol.2009.186767
PMC4420018,20393357,10.1519/JSC.0b013e3181c7c677
PMC2944919,20351592,10.1249/MSS.0b013e3181de2da7
PMC6647668,20333763,10.1002/jcla.20368
PMC2842228,20206808,10.1016/j.jvs.2009.09.053
PMC2948628,20187283,10.1007/s00421-009-1290-4
PMC2823789,20174583,10.1371/journal.pone.0009292
PMC2853203,20150562,10.1152/japplphysiol.01355.2009
PMC2924952,20142781,10.1249/MSS.0b013e3181d479f2
PMC2913800,20133440,10.1152/japplphysiol.00865.2009
PMC2904199,20110541,10.1152/japplphysiol.01291.2009
PMC2849965,20100740,10.1113/jphysiol.2009.181743
PMC2885013,20061520,10.1161/CIRCHEARTFAILURE.109.879684
PMC2838634,20044472,10.1152/japplphysiol.01106.2009
PMC2806223,20010118,10.1249/MSS.0b013e3181ad7f17
PMC2822671,20007854,10.1152/japplphysiol.01083.2009
PMC2838638,19959767,10.1152/japplphysiol.00985.2009
PMC2895949,19952844,10.1249/MSS.0b013e3181bcab6c
PMC2806136,19915172,10.1152/ajpheart.00880.2009
PMC2799625,19821120,10.1007/s00421-009-1236-x
PMC3108360,19765066,10.1111/j.1540-8175.2009.00980.x
PMC2793394,19760432,10.1007/s00421-009-1195-2
PMC2752199,19806216,10.1371/journal.pone.0007355
PMC2763263,20716911,10.4161/oxim.2.4.9415
PMC2950161,20121952,10.1111/j.1532-5415.2009.02499.x
PMC2796994,20003224,10.1186/1475-2840-8-62
PMC2786109,19951391,10.1186/cc8005
PMC2789719,19922666,10.1186/1532-429X-11-48
PMC2939201,19922049,10.3109/17477160902923341
PMC3379873,19858436,10.1001/archinternmed.2009.312
PMC2763073,19841705,10.1590/S1807-59322009001000008
PMC3774345,19833807,10.1152/japplphysiol.00958.2009
PMC2754502,19789403,10.1093/eurjhf/hfp116
PMC2781362,19717732,10.1152/ajpheart.00347.2009
PMC2767450,19686800,10.1016/j.biopsycho.2009.08.003
PMC2768062,19660694,10.1016/j.jacc.2009.01.080
PMC2906242,19643358,10.1016/j.cardfail.2008.12.015
PMC2761503,19637345,10.1002/cncr.24551
PMC2753769,19633871,10.1007/s00467-009-1259-x
PMC2710293,19603105,10.2119/molmed.2009.00057
PMC2820569,19590159,10.1159/000227804
PMC2756006,19589952,10.1152/japplphysiol.91654.2008
PMC2728793,19573883,10.1016/j.metabol.2009.04.018
PMC5749229,19561522,10.1097/HCR.0b013e3181ac7bcb
PMC3012006,19546374,10.1161/HYPERTENSIONAHA.109.134361
PMC4205105,19528334,10.1161/CIRCULATIONAHA.109.848382
PMC2945232,19523060,10.1111/j.1751-7141.2009.00027.x
PMC2690400,19521512,10.1371/journal.pone.0005869
PMC2742284,19491249,10.1113/jphysiol.2009.171199
PMC2711798,19470697,10.1152/japplphysiol.91568.2008
PMC2744295,19441128,10.1002/mds.22621
PMC2747076,19426893,10.1016/j.jstrokecerebrovasdis.2008.10.001
PMC2844341,19423997,10.1097/gme.0b013e31818c931f
PMC2899505,19390877,10.1007/s00586-009-1002-0
PMC2707499,19375437,10.1016/j.physbeh.2009.04.006
PMC2692777,19342438,10.1152/japplphysiol.91102.2008
PMC2732568,19337745,10.1007/s00421-009-1042-5
PMC2683964,19237430,10.1113/jphysiol.2008.164285
PMC2667455,19211823,10.3945/ajcn.2008.26938
PMC2673779,19139048,10.1113/jphysiol.2008.160846
PMC2660256,19112155,10.1152/japplphysiol.91502.2008
PMC2670057,19047206,10.1113/jphysiol.2008.162271
PMC2730185,18651368,10.1055/s-2008-1038744
PMC2664269,19060991,10.1590/S1807-59322008000600003
PMC2626587,19055828,10.1186/1477-7525-6-110
PMC3056455,19033602,10.1123/japa.16.4.408
PMC3274554,19004156,10.4278/ajhp.07053050
PMC2905840,18990638,10.1109/TBME.2008.2001130
PMC3040031,18980921,10.1188/08.ONF.909-915
PMC2562002,18805104,10.1016/j.amjcard.2008.05.020
PMC2612475,18787091,10.1152/japplphysiol.90456.2008
PMC2557055,18772275,10.2522/ptj.20080072
PMC2664123,18719758,10.1590/S1807-59322008000400011
PMC2811277,18695606,10.1097/BCR.0b013e3181848b5d
PMC2505352,18638600,10.1016/j.amjcard.2008.03.069
PMC2657657,18625967,10.1212/01.wnl.0000317094.86209.cb
PMC2525868,18603061,10.1016/j.jtcvs.2007.12.024
PMC2565482,18581671,10.1080/10790268.2008.11760715
PMC2998758,18566940,10.1682/jrrd.2007.02.0024
PMC2494835,18483165,10.1152/japplphysiol.90401.2008
PMC2493587,18460597,10.1152/ajpendo.00580.2007
PMC2678573,18442634,10.1016/j.metabol.2008.01.005
PMC2664221,18438574,10.1590/s1807-59322008000200008
PMC2494806,18434437,10.1152/ajpregu.00069.2008
PMC3214275,18413421,10.1210/jc.2008-0368
PMC2453503,18407453,10.1016/j.jvs.2008.01.048
PMC2644031,18401467,10.1016/s0828-282x(08)70176-4
PMC2464345,18372307,10.1113/jphysiol.2007.149401
PMC2693889,18369657,10.1007/S00421-008-0735-5
PMC2485232,18341680,10.1111/j.1365-2125.2008.03144.x
PMC2479567,18339690,10.1113/jphysiol.2008.152058
PMC2292423,18317727,10.1007/s00125-008-0949-4
PMC2780237,18309303,10.1038/oby.2008.16
PMC2292676,18294393,10.1186/1471-2466-8-3
PMC2465206,18292129,10.1113/jphysiol.2007.149781
PMC2644568,18273487,10.1016/s0828-282x(08)70569-5
PMC2485239,18242048,10.1016/j.bbi.2007.12.003
PMC2374881,18239932,10.1007/s00421-008-0684-z
PMC2225551,18220083,10.1093/sleep/31.1.104
PMC2266960,18073312,10.1210/jc.2007-1524
PMC2295274,18057967,10.1007/s00586-007-0547-z
PMC2375551,17991697,10.1113/jphysiol.2007.142109
PMC3040511,17689963,10.1016/j.gaitpost.2007.07.001
PMC2219995,18053143,10.1186/1472-6882-7-40
PMC2375521,17962330,10.1113/jphysiol.2007.143123
PMC2266873,17909409,10.1249/mss.0b013e31812e52b3
PMC1976551,17895968,10.1371/journal.pone.0000927
PMC2031996,17874697,10.1080/10790268.2007.11754615
PMC2031980,17874693,10.1080/10790268.2007.11754611
PMC2039810,17661069,10.1007/s00421-007-0519-3
PMC2277242,17584832,10.1113/jphysiol.2007.132837
PMC2759326,17540534,10.1016/j.jvs.2007.02.037
PMC1866229,17445257,10.1186/1471-2431-7-19
PMC2465440,17341588,10.1136/bjsm.2006.034934
PMC1820778,17331263,10.1186/1472-6963-7-36
PMC2075218,17317751,10.1113/jphysiol.2006.125112
PMC1914232,17277937,10.1007/s00421-007-0398-7
PMC2465322,17224438,10.1136/bjsm.2006.032334
PMC2465234,17178775,10.1136/bjsm.2006.031310
PMC1831461,17174724,10.1016/j.arcmed.2006.07.002
PMC1955189,17164483,10.1136/hrt.2006.094870
PMC4313890,17134946,10.1016/j.resp.2006.10.008
PMC4376253,17095635,10.1152/japplphysiol.00853.2006
PMC2465133,17062658,10.1136/bjsm.2006.026989
PMC2465142,17021003,10.1136/bjsm.2006.027615
PMC2465132,17021002,10.1136/bjsm.2006.030205
PMC2465149,17000713,10.1136/bjsm.2006.030791
PMC1861451,16980516,10.1136/hrt.2006.100388
PMC2577474,16990440,10.1136/bjsm.2006.030866
PMC2442668,16979458,10.1016/j.amepre.2006.06.002
PMC2465050,16920774,10.1136/bjsm.2006.027839
PMC1574285,16919541,10.1016/j.metabol.2006.05.005
PMC7192648,16879121,10.17305/bjbms.2006.3180
PMC2579475,16864569,10.1136/bjsm.2005.024596
PMC2564396,16855066,10.1136/bjsm.2006.027680
PMC2564397,16825268,10.1136/bjsm.2006.027946
PMC1995675,16793898,10.1113/jphysiol.2006.113936
PMC2579453,16611721,10.1136/bjsm.2006.026815
PMC1817798,16600998,10.1113/jphysiol.2006.108720
PMC2586163,16556781,10.1136/bjsm.2005.020487
PMC2577514,16556780,10.1136/bjsm.2005.020040
PMC2491983,16505069,10.1136/bjsm.2005.019208
PMC2492034,16431991,10.1136/bjsm.2004.017103
PMC1805795,16423857,10.1113/jphysiol.2005.101691
PMC7037693,16373444,10.1152/japplphysiol.01336.2005
PMC1796794,16373384,10.1113/jphysiol.2005.099697
PMC2491943,16371494,10.1136/bjsm.2005.020198
PMC2080711,16244091,10.1136/thx.2005.043547
PMC2083103,16188959,10.1136/adc.2004.071241
PMC1725090,16306508,10.1136/bjsm.2005.020404
PMC1725096,16306507,10.1136/bjsm.2005.020370
PMC1725084,16306506,10.1136/bjsm.2005.019943
PMC1725093,16306505,10.1136/bjsm.2005.019844
PMC1725079,16306500,10.1136/bjsm.2005.018101
PMC1725099,16306499,10.1136/bjsm.2005.017806
PMC1464249,16210355,10.1113/jphysiol.2005.095836
PMC1464212,16210351,10.1113/jphysiol.2005.097154
PMC1725050,16183772,10.1136/bjsm.2004.017236
PMC1725033,16183771,10.1136/bjsm.2004.016980
PMC1725036,16183768,10.1136/bjsm.2004.015230
PMC1464256,16179365,10.1113/jphysiol.2005.094979
PMC4622803,16149140,10.3748/wjg.v11.i34.5327
PMC1725321,16118307,10.1136/bjsm.2004.017194
PMC1725313,16118305,10.1136/bjsm.2004.016550
PMC1725299,16118298,10.1136/bjsm.2004.014464
PMC1474732,16081477,10.1113/jphysiol.2005.089920
PMC1725284,16046343,10.1136/bjsm.2004.015248
PMC1464194,16020461,10.1113/jphysiol.2005.091975
PMC1474222,16002451,10.1113/jphysiol.2005.089524
PMC1725254,15976169,10.1136/bjsm.2004.014134
PMC1725253,15976165,10.1136/bjsm.2004.012260
PMC1350764,15930197,10.1542/peds.2004-1543
PMC1464731,15860533,10.1113/jphysiol.2005.086025
PMC1725209,15849297,10.1136/bjsm.2004.015198
PMC1725215,15849290,10.1136/bjsm.2004.012526
PMC1725201,15849289,10.1136/bjsm.2004.011668
PMC1725175,15793075,10.1136/bjsm.2004.012393
PMC1768831,15772218,10.1136/hrt.2003.032722
PMC1769173,15761050,10.1136/hrt.2004.051961
PMC1725157,15728698,10.1136/bjsm.2004.012500
PMC4820333,15705987,10.1378/chest.127.2.495
PMC1725118,15665205,10.1136/bjsm.2003.010215
PMC2491725,15632682,10.1249/01.MSS.0000150084.97823.F7
PMC1725021,15618337,10.1136/bjsm.2003.010645
PMC1725014,15618335,10.1136/bjsm.2003.009985
PMC1665593,15618276,10.1113/jphysiol.2004.077610
PMC1065278,15633297,10.1379/CSC-24R1.1
PMC7245484,15629012,10.17305/bjbms.2004.3393
PMC1746915,15563700,10.1136/thx.2004.026617
PMC1724910,15388571,10.1136/bjsm.2003.008714
PMC1724942,15388566,10.1136/bjsm.2003.007666
PMC1724956,15388555,10.1136/bjsm.2003.008490
PMC1724908,15388552,10.1136/bjsm.2003.007815
PMC1724921,15388541,10.1136/bjsm.2003.005140
PMC1724920,15388538,10.1136/bjsm.2003.004721
PMC1768502,15367509,10.1136/hrt.2003.025684
PMC1768481,15367503,10.1136/hrt.2003.028167
PMC1665351,15358808,10.1113/jphysiol.2004.071894
PMC2995531,15356077,10.1210/jc.2004-0408
PMC6654385,15298040,10.1002/clc.4960270707
PMC1665296,15297577,10.1113/jphysiol.2004.071373
PMC1665192,15284344,10.1113/jphysiol.2004.065664
PMC1724886,15273171,10.1136/bjsm.2002.003442
PMC5956354,15258670,10.1100/tsw.2004.97
PMC3181213,15179638,10.1016/j.apmr.2003.11.001
PMC1724834,15155428,10.1136/bjsm.2002.002212
PMC1724821,15155427,10.1136/bjsm.2002.002071
PMC419707,15132753,10.1186/1472-6793-4-9
PMC1664902,15121799,10.1113/jphysiol.2003.059287
PMC1724764,15039258,10.1136/bjsm.2002.004374
PMC1724782,15039242,10.1136/bjsm.2002.000158
PMC1665053,15004212,10.1113/jphysiol.2004.060574
PMC1665094,14990677,10.1113/jphysiol.2003.056887
PMC3167868,14970978,10.1016/s0003-9993(03)00436-2
PMC1664987,14766942,10.1113/jphysiol.2003.056598
PMC1724755,14751942,10.1136/bjsm.2002.002121
PMC324413,14728720,10.1186/1472-6793-4-2
PMC1664806,14634202,10.1113/jphysiol.2003.055202
PMC1719415,14670773,10.1136/adc.88.12.1078
PMC1724706,14665601,10.1136/bjsm.37.6.550
PMC1724709,14665591,10.1136/bjsm.37.6.516
PMC6654563,14640466,10.1002/clc.4960261107
PMC2343484,14565989,10.1113/jphysiol.2003.054171
PMC2343576,14514877,10.1113/jphysiol.2003.052431
PMC1751352,14514539,10.1136/bjsm.37.5.445
PMC1751358,14514538,10.1136/bjsm.37.5.441
PMC1754667,12922964,10.1136/ard.62.9.885
PMC2343309,12897178,10.1113/jphysiol.2003.045799
PMC2343147,12824451,10.1113/jphysiol.2003.042747
PMC2343085,12794174,10.1113/jphysiol.2003.040162
PMC2343046,12766247,10.1113/jphysiol.2003.039743
PMC2343041,12766246,10.1113/jphysiol.2003.040147
PMC2343014,12766237,10.1113/jphysiol.2003.042838
PMC1767691,12748213,10.1136/heart.89.6.610
PMC2343003,12730334,10.1113/jphysiol.2003.043133
PMC1724616,12663359,10.1136/bjsm.37.2.154
PMC1724624,12663356,10.1136/bjsm.37.2.140
PMC2342904,12651914,10.1113/jphysiol.2002.031179
PMC2290707,12456846,10.1113/jphysiol.2002.029108
PMC2290626,12411540,10.1113/jphysiol.2002.023556
PMC2290618,12411538,10.1113/jphysiol.2002.025148
PMC3166529,12361191,10.1080/08037050213765
PMC2290472,12181307,10.1113/jphysiol.2002.019380
PMC1724520,12145118,10.1136/bjsm.36.4.276
PMC2290432,12122141,10.1113/jphysiol.2002.018135
PMC1724499,12055120,10.1136/bjsm.36.3.218
PMC1724503,12055113,10.1136/bjsm.36.3.189
PMC2290343,12042369,10.1113/jphysiol.2001.013462
PMC2290316,12015434,10.1113/jphysiol.2002.016832
PMC2290292,11986392,10.1113/jphysiol.2001.012983
PMC2290259,11956354,10.1113/jphysiol.2001.013062
PMC434422,11795476,10.1379/1466-1268(2001)006<0386:eishih>2.0.co;2
PMC2279002,11744773,10.1111/j.1469-7793.2001.01009.x
PMC1724436,11726485,10.1136/bjsm.35.6.441
PMC1724429,11726481,10.1136/bjsm.35.6.431
PMC1724422,11726473,10.1136/bjsm.35.6.396
PMC2278942,11711582,10.1111/j.1469-7793.2001.0305k.x
PMC2278837,11579176,10.1111/j.1469-7793.2001.00283.x
PMC1746141,11514686,10.1136/thorax.56.9.675
PMC1729850,11454837,10.1136/heart.86.2.183
PMC2278686,11433008,10.1111/j.1469-7793.2001.t01-1-00279.x
PMC1746102,11413349,10.1136/thorax.56.7.519
PMC2278651,11410642,10.1111/j.1469-7793.2001.t01-2-00871.x
PMC2278648,11410641,10.1111/j.1469-7793.2001.t01-1-00861.x
PMC1724327,11375880,10.1136/bjsm.35.3.192
PMC2278436,11179407,10.1111/j.1469-7793.2001.0245j.x
PMC1724259,11131234,10.1136/bjsm.34.6.450
PMC2270219,11118512,10.1111/j.1469-7793.2000.00863.x
PMC2270161,11060137,10.1111/j.1469-7793.2000.t01-1-00647.x
PMC1756236,11049147,10.1136/bjsm.34.5.367
PMC2270117,11018120,10.1111/j.1469-7793.2000.t01-1-00221.x
PMC1724220,10953905,10.1136/bjsm.34.4.297
PMC1724230,10953899,10.1136/bjsm.34.4.268
PMC1737090,10945803,10.1136/jnnp.69.3.302
PMC2270029,10922016,10.1111/j.1469-7793.2000.00663.x
PMC2270003,10878113,10.1111/j.1469-7793.2000.00211.x
PMC1729398,10862587,10.1136/heart.84.1.46
PMC1763258,10854015,10.1136/bjsm.34.3.168
PMC2269743,10618160,10.1111/j.1469-7793.2000.t01-2-00159.xm
PMC1745604,10607804,10.1136/thorax.55.1.63
PMC1756209,10597847,10.1136/bjsm.33.6.393
PMC2269598,10523424,10.1111/j.1469-7793.1999.00577.x
PMC1756205,10522640,10.1136/bjsm.33.5.352
PMC1729189,10455087,10.1136/hrt.82.3.348
PMC2269458,10420025,10.1111/j.1469-7793.1999.0933p.x
PMC1717980,10373142,10.1136/adc.81.1.73
PMC2269386,10358130,10.1111/j.1469-7793.1999.0919s.x
PMC1745445,10325896,10.1136/thx.54.3.213
PMC1728910,10220542,10.1136/hrt.81.1.33
PMC1729027,10212170,10.1136/hrt.81.5.512
PMC1763768,10212110,10.1136/thx.54.5.437
PMC1756138,10027051,10.1136/bjsm.33.1.14
PMC1728933,9922345,10.1136/hrt.81.2.121
PMC1728858,10065030,10.1136/hrt.80.6.596
PMC2231307,9824726,10.1111/j.1469-7793.1998.895ba.x
PMC2231318,9824725,10.1111/j.1469-7793.1998.889ba.x
PMC1745282,9797756,10.1136/thx.53.7.572
PMC1756101,9773176,10.1136/bjsm.32.3.248
PMC1745182,9741369,10.1136/thx.53.4.269
PMC6655832,9669058,10.1002/clc.4960210708
PMC1728626,9602665,10.1136/hrt.79.3.289
PMC6656048,9595220,10.1002/clc.4960210512
PMC1756056,9562166,10.1136/bjsm.32.1.58
PMC1756062,9562163,10.1136/bjsm.32.1.44
PMC1728601,9538309,10.1136/hrt.79.2.161
PMC2230801,9518719,10.1111/j.1469-7793.1998.619bt.x
PMC1892330,9470873,10.1136/hrt.78.6.572
PMC1892336,9470871,10.1136/hrt.78.6.564
PMC1332574,9429015,10.1136/bjsm.31.4.342
PMC1332527,9298560,10.1136/bjsm.31.3.235
PMC1332525,9298558,10.1136/bjsm.31.3.224
PMC484862,9290400,10.1136/hrt.78.1.39
PMC1159470,9218229,10.1111/j.1469-7793.1997.703bm.x
PMC1332614,9192129,10.1136/bjsm.31.2.139
PMC1332609,9192124,10.1136/bjsm.31.2.120
PMC1332476,9132212,10.1136/bjsm.31.1.48
PMC1332474,9132210,10.1136/bjsm.31.1.41
PMC1332473,9132209,10.1136/bjsm.31.1.36
PMC1159298,9130176,10.1113/jphysiol.1997.sp021972
PMC484692,9093044,10.1136/hrt.77.3.252
PMC484668,9068402,10.1136/hrt.77.2.168
PMC484663,9068397,10.1136/hrt.77.2.138
PMC1060280,8935455,10.1136/jech.50.3.258
PMC1332339,8889119,10.1136/bjsm.30.3.238
PMC1332336,8889116,10.1136/bjsm.30.3.226
PMC1332335,8889115,10.1136/bjsm.30.3.222
PMC1160788,8887789,10.1113/jphysiol.1996.sp021639
PMC1160787,8887788,10.1113/jphysiol.1996.sp021638
PMC484511,8868980,10.1136/hrt.76.3.223
PMC1160743,8866370,10.1113/jphysiol.1996.sp021592
PMC1160685,8865082,10.1113/jphysiol.1996.sp021540
PMC1158690,8821150,10.1113/jphysiol.1996.sp021165
PMC1332372,8799594,10.1136/bjsm.30.2.116
PMC473047,8711660,10.1136/thx.51.2.207
PMC1332263,8665116,10.1136/bjsm.30.1.36
PMC1332259,8665111,10.1136/bjsm.30.1.20
PMC1332257,8665108,10.1136/bjsm.30.1.11
PMC472799,8658369,10.1136/thx.51.1.48
PMC507285,8621800,10.1172/JCI118647
PMC1332240,8808543,10.1136/bjsm.29.4.271
PMC1332237,8808540,10.1136/bjsm.29.4.255
PMC1332314,8800856,10.1136/bjsm.29.3.196
PMC1332306,8800848,10.1136/bjsm.29.3.165
PMC1332305,8800847,10.1136/bjsm.29.3.158
PMC1332303,8800845,10.1136/bjsm.29.3.147
PMC1156837,8788932,10.1113/jphysiol.1995.sp021081
PMC1156808,8583408,10.1113/jphysiol.1995.sp021046
PMC1332222,7788223,10.1136/bjsm.29.1.66
PMC1332210,7788209,10.1136/bjsm.29.1.13
PMC483942,7662449,10.1136/hrt.74.1.27
PMC474893,7570432,10.1136/thx.50.8.829
PMC1332288,7551769,10.1136/bjsm.29.2.97
PMC1332284,7551765,10.1136/bjsm.29.2.80
PMC1332292,7551756,10.1136/bjsm.29.2.113
PMC484044,7488452,10.1136/hrt.74.4.386
PMC484042,7488450,10.1136/hrt.74.4.377
PMC483696,8198895,10.1136/hrt.71.4.391
PMC1332157,8044493,10.1136/bjsm.28.1.43
PMC1332156,8044492,10.1136/bjsm.28.1.38
PMC1332151,8044486,10.1136/bjsm.28.1.18
PMC1160386,8021842,10.1113/jphysiol.1994.sp020077
PMC1332061,8000815,10.1136/bjsm.28.3.171
PMC1025479,7917688,10.1136/hrt.72.2.150
PMC1332087,7894958,10.1136/bjsm.28.4.261
PMC1332084,7894955,10.1136/bjsm.28.4.241
PMC1364912,7888287,10.1111/j.1365-2125.1994.tb04390.x
PMC2399737,8497434,10.1136/pgmj.69.809.197
PMC1025304,8398495,10.1136/hrt.70.3.247
PMC1025303,8398494,10.1136/hrt.70.3.241
PMC1332130,8358579,10.1136/bjsm.27.2.107
PMC293583,8325992,10.1172/JCI116559
PMC1143915,8308728,10.1113/jphysiol.1993.sp019856
PMC1143880,8271208,10.1113/jphysiol.1993.sp019823
PMC1143847,8254528,10.1113/jphysiol.1993.sp019792
PMC1332189,8242281,10.1136/bjsm.27.3.202
PMC1332179,8242271,10.1136/bjsm.27.3.162
PMC1332178,8242270,10.1136/bjsm.27.3.157
PMC464773,8236071,10.1136/thx.48.9.894
PMC1332015,8130964,10.1136/bjsm.27.4.255
PMC1332011,8130960,10.1136/bjsm.27.4.237
PMC1332009,8130958,10.1136/bjsm.27.4.228
PMC1143984,8120830,10.1113/jphysiol.1993.sp019923
PMC1025223,8037993,10.1136/hrt.70.1.17
PMC1478936,1623356,10.1136/bjsm.26.2.116
PMC1478981,1600454,10.1136/bjsm.26.1.45
PMC1478980,1600452,10.1136/bjsm.26.1.36
PMC1381303,1532321,10.1111/j.1365-2125.1992.tb04020.x
PMC1478995,1490213,10.1136/bjsm.26.4.228
PMC1025190,1467031,10.1136/hrt.68.11.473
PMC1025189,1467030,10.1136/hrt.68.11.469
PMC1024458,1993127,10.1136/hrt.65.1.25
PMC1478795,1913030,10.1136/bjsm.25.1.38
PMC1478809,1913027,10.1136/bjsm.25.1.26
PMC1180038,1890660,10.1113/jphysiol.1991.sp018586
PMC1180046,1890634,10.1113/jphysiol.1991.sp018594
PMC1378967,1885077,10.1136/gut.32.8.941
PMC1479034,1839780,10.1136/bjsm.25.4.196
PMC1021037,1837626,10.1136/thx.46.11.824
PMC1478796,1833026,10.1136/bjsm.25.1.45
PMC1024577,1827588,10.1136/hrt.65.4.188
PMC1179860,1822539,10.1113/jphysiol.1991.sp018852
PMC1180211,1816384,10.1113/jphysiol.1991.sp018764
PMC1479028,1810619,10.1136/bjsm.25.4.227
PMC1479025,1810612,10.1136/bjsm.25.4.191
PMC1479038,1810610,10.1136/bjsm.25.4.183
PMC1024725,1747281,10.1136/hrt.66.4.295
PMC1792495,2400223,10.1136/adc.65.8.865
PMC1478875,2265322,10.1136/bjsm.24.2.95
PMC1664147,2249024,10.1136/bmj.301.6758.953
PMC1216809,2245110,10.1136/hrt.64.5.313
PMC1024476,2126185,10.1136/hrt.63.5.281
PMC462468,2116678,10.1136/thx.45.5.345
PMC1478905,2097024,10.1136/bjsm.24.4.248
PMC1478785,2078808,10.1136/bjsm.24.3.201
PMC1478776,2078805,10.1136/bjsm.24.3.183
PMC1216632,2923751,10.1136/hrt.61.2.149
PMC461845,2763239,10.1136/thx.44.5.402
PMC1216694,2736193,10.1136/hrt.61.5.421
PMC1216672,2653391,10.1136/hrt.61.4.331
PMC1478672,2620232,10.1136/bjsm.23.3.171
PMC1020875,2617441,10.1136/thx.44.12.1006
PMC1478628,2605441,10.1136/bjsm.23.2.115
PMC1478618,2605440,10.1136/bjsm.23.2.109
PMC462152,2595636,10.1136/thx.44.11.942
PMC462051,2588207,10.1136/thx.44.9.716
PMC1216616,2537095,10.1136/hrt.61.1.23
PMC1009646,3415918,10.1136/oem.45.8.532
PMC461213,3406914,10.1136/thx.43.4.276
PMC461212,3406913,10.1136/thx.43.4.268
PMC1148981,3390152,10.1042/bj2510183
PMC1276898,3382569,10.1136/hrt.59.5.572
PMC1478490,3370400,10.1136/bjsm.22.1.31
PMC1478508,3370399,10.1136/bjsm.22.1.3
PMC1478509,3370395,10.1136/bjsm.22.1.12
PMC1276987,3342162,10.1136/hrt.59.2.212
PMC1478574,3233458,10.1136/bjsm.22.3.109
PMC1478567,3233457,10.1136/bjsm.22.3.101
PMC1478744,3228686,10.1136/bjsm.22.4.163
PMC1478740,3228684,10.1136/bjsm.22.4.153
PMC1478728,3228681,10.1136/bjsm.22.4.141
PMC461557,3222762,10.1136/thx.43.11.911
PMC442784,3198763,10.1172/JCI113822
PMC461460,3194877,10.1136/thx.43.9.708
PMC1493411,3125800,10.1097/00000658-198803000-00012
PMC1192096,3681737,10.1113/jphysiol.1987.sp016672
PMC1148157,3663177,10.1042/bj2450551
PMC1183081,3656130,10.1113/jphysiol.1987.sp016420
PMC1478410,3620799,10.1136/bjsm.21.2.23
PMC1478408,3620797,10.1136/bjsm.21.2.14
PMC1387749,3620293,10.1111/j.1365-2125.1987.tb03161.x
PMC460708,3616987,10.1136/thx.42.4.285
PMC1478598,3580724,10.1136/bjsm.21.1.27
PMC1478616,3580721,10.1136/bjsm.21.1.18
PMC1478466,3435821,10.1136/bjsm.21.4.171
PMC1478459,3435818,10.1136/bjsm.21.4.163
PMC460645,3433238,10.1136/thx.42.2.136
PMC1277313,3322351,10.1136/hrt.58.6.613
PMC1192198,3127577,10.1113/jphysiol.1987.sp016722
PMC1248603,3121055,10.1136/bmj.295.6611.1441
PMC1247429,3117204,10.1136/bmj.295.6597.521
PMC1478313,3730763,10.1136/bjsm.20.2.84
PMC1216378,3707783,10.1136/hrt.55.5.439
PMC1777749,3707191,10.1136/adc.61.4.388
PMC1478278,3697601,10.1136/bjsm.20.1.35
PMC1478281,3697599,10.1136/bjsm.20.1.27
PMC1478271,3697598,10.1136/bjsm.20.1.25
PMC1478365,3535986,10.1136/bjsm.20.3.109
PMC423452,3512600,10.1172/JCI112363
PMC1339640,3081210,10.1136/bmj.292.6521.653
PMC1182968,2957491,10.1113/jphysiol.1986.sp016316
PMC1478397,4092143,10.1136/bjsm.19.4.217
PMC1400833,4091998,10.1111/j.1365-2125.1985.tb05127.x
PMC1478243,4075065,10.1136/bjsm.19.3.152
PMC481903,4041301,10.1136/hrt.54.3.321
PMC1020595,4035628,10.1136/thx.40.8.581
PMC1478528,4027499,10.1136/bjsm.19.2.85
PMC1478518,4027493,10.1136/bjsm.19.2.107
PMC481846,4015915,10.1136/hrt.54.1.42
PMC481856,3925972,10.1136/hrt.54.1.96
PMC1463744,3885985,10.1111/j.1365-2125.1985.tb02653.x
PMC391051,3862135,10.1073/pnas.82.18.6349
PMC1478531,3161575,10.1136/bjsm.19.2.77
PMC1463791,2858214,10.1111/j.1365-2125.1985.tb02607.x
PMC481600,6743430,10.1136/hrt.52.2.124
PMC481628,6540592,10.1136/hrt.52.3.299
PMC459931,6505989,10.1136/thx.39.11.823
PMC1859398,6487947,10.1136/bjsm.18.3.203
PMC1859382,6487945,10.1136/bjsm.18.3.191
PMC1859190,6466933,10.1136/bjsm.18.2.74
PMC1859399,6435715,10.1136/bjsm.18.3.212
PMC1859208,6432084,10.1136/bjsm.18.2.70
PMC1859007,6883027,10.1136/bjsm.17.2.96
PMC1859009,6883021,10.1136/bjsm.17.2.128
PMC1859042,6850204,10.1136/bjsm.17.1.40
PMC1859035,6850202,10.1136/bjsm.17.1.27
PMC1859157,6652404,10.1136/bjsm.17.3.193
PMC1859187,6652403,10.1136/bjsm.17.3.188
PMC481456,6651996,10.1136/hrt.50.6.534
PMC370422,6630512,10.1172/JCI111094
PMC1858953,7139226,10.1136/bjsm.16.3.154
PMC1858845,7066615,10.1136/bjsm.16.1.4
PMC371167,7054242,10.1172/JCI110440
PMC1858756,7272663,10.1136/bjsm.15.3.182
PMC1858751,7272661,10.1136/bjsm.15.3.172
PMC482627,7272130,10.1136/hrt.46.2.190
PMC1859079,7248676,10.1136/bjsm.15.1.20
PMC482537,7225252,10.1136/hrt.45.4.376
PMC370949,7033285,10.1172/JCI110399
PMC1401877,7030373,10.1111/j.1365-2125.1981.tb01205.x
PMC471288,7434284,10.1136/thx.35.5.347
PMC482361,7426162,10.1136/hrt.44.1.62
PMC1345609,7362287,10.1097/00000658-198002000-00012
PMC471360,7003797,10.1136/thx.35.9.675
PMC371554,7000826,10.1172/JCI109945
PMC1858825,6778544,10.1136/bjsm.14.4.204
PMC471361,6449753,10.1136/thx.35.9.680
PMC1858728,526782,10.1136/bjsm.13.4.165
PMC1858722,526781,10.1136/bjsm.13.4.161
PMC471129,515978,10.1136/thx.34.5.582
PMC1859673,465911,10.1136/bjsm.13.2.62
PMC1859747,465908,10.1136/bjsm.13.1.6
PMC1859732,465902,10.1136/bjsm.13.1.24
PMC483509,687493,10.1136/hrt.40.8.923
PMC1859777,444803,10.1136/bjsm.12.4.176
PMC1859631,343860,10.1136/bjsm.12.1.14
PMC1353537,903909,10.1113/jphysiol.1977.sp011974
PMC1008193,871443,10.1136/oem.34.2.126
PMC1307830,850204,10.1113/jphysiol.1977.sp011726
PMC1353538,198532,10.1113/jphysiol.1977.sp011975
PMC1639415,1260350,10.1136/bmj.1.6013.822
PMC1309091,978517,10.1113/jphysiol.1976.sp011515
PMC1859359,963372,10.1136/bjsm.10.1.4
PMC1859307,1148579,10.1136/bjsm.9.1.3
PMC470283,1145535,10.1136/thx.30.3.306
PMC301886,1133176,10.1172/JCI108050
PMC1008036,1131337,10.1136/oem.32.2.110
PMC301610,4852564,10.1172/JCI107814
PMC1020034,4842624,10.1136/hrt.36.4.377
PMC1331064,4436817,10.1113/jphysiol.1974.sp010685
PMC494888,4376164,10.1136/jnnp.37.11.1236
PMC1350639,4767062,10.1113/jphysiol.1973.sp010356
PMC302599,4750452,10.1172/JCI107523
PMC1789227,5058731,10.1136/bmj.1.5794.207
PMC1331526,5040008,10.1113/jphysiol.1972.sp009881
PMC1331759,5574828,10.1113/jphysiol.1971.sp009381
PMC1799719,5135258,10.1136/bmj.4.5790.814-c
PMC292221,5129319,10.1172/JCI106772
PMC292220,5129318,10.1172/JCI106771
PMC1351758,5666183,10.1113/jphysiol.1968.sp008584
PMC1365532,6058997,10.1113/jphysiol.1967.sp008321
